# --- WireDatabaseBackup {"time":"2020-05-19 08:49:30","user":"sitadmin","dbName":"lernpraxis_db","description":"","tables":[],"excludeTables":[],"excludeCreateTables":[],"excludeExportTables":[]}

DROP TABLE IF EXISTS `caches`;
CREATE TABLE `caches` (
  `name` varchar(250) NOT NULL,
  `data` mediumtext NOT NULL,
  `expires` datetime NOT NULL,
  PRIMARY KEY (`name`),
  KEY `expires` (`expires`)
) ENGINE=MyISAM DEFAULT CHARSET=utf8;

INSERT INTO `caches` (`name`, `data`, `expires`) VALUES('Modules.wire/modules/', 'PagePaths.module\nPage/PageFrontEdit/PageFrontEdit.module\nPagePathHistory.module\nLanguageSupport/LanguageSupportPageNames.module\nLanguageSupport/LanguageSupport.module\nLanguageSupport/FieldtypeTextLanguage.module\nLanguageSupport/LanguageSupportFields.module\nLanguageSupport/ProcessLanguageTranslator.module\nLanguageSupport/LanguageTabs.module\nLanguageSupport/FieldtypePageTitleLanguage.module\nLanguageSupport/FieldtypeTextareaLanguage.module\nLanguageSupport/ProcessLanguage.module\nImage/ImageSizerEngineIMagick/ImageSizerEngineIMagick.module\nImage/ImageSizerEngineAnimatedGif/ImageSizerEngineAnimatedGif.module\nSystem/SystemNotifications/SystemNotifications.module\nSystem/SystemNotifications/FieldtypeNotifications.module\nSystem/SystemUpdater/SystemUpdater.module\nFileCompilerTags.module\nMarkup/MarkupPagerNav/MarkupPagerNav.module\nMarkup/MarkupPageArray.module\nMarkup/MarkupCache.module\nMarkup/MarkupPageFields.module\nMarkup/MarkupAdminDataTable/MarkupAdminDataTable.module\nMarkup/MarkupRSS.module\nMarkup/MarkupHTMLPurifier/MarkupHTMLPurifier.module\nTextformatter/TextformatterEntities.module\nTextformatter/TextformatterPstripper.module\nTextformatter/TextformatterStripTags.module\nTextformatter/TextformatterNewlineUL.module\nTextformatter/TextformatterMarkdownExtra/TextformatterMarkdownExtra.module\nTextformatter/TextformatterSmartypants/TextformatterSmartypants.module\nTextformatter/TextformatterNewlineBR.module\nFieldtype/FieldtypeCache.module\nFieldtype/FieldtypeSelector.module\nFieldtype/FieldtypeURL.module\nFieldtype/FieldtypePageTitle.module\nFieldtype/FieldtypePage.module\nFieldtype/FieldtypeCheckbox.module\nFieldtype/FieldtypeDatetime.module\nFieldtype/FieldtypeText.module\nFieldtype/FieldtypePassword.module\nFieldtype/FieldtypeFieldsetOpen.module\nFieldtype/FieldtypeRepeater/InputfieldRepeater.module\nFieldtype/FieldtypeRepeater/FieldtypeFieldsetPage.module\nFieldtype/FieldtypeRepeater/FieldtypeRepeater.module\nFieldtype/FieldtypeOptions/FieldtypeOptions.module\nFieldtype/FieldtypeFile.module\nFieldtype/FieldtypeFieldsetClose.module\nFieldtype/FieldtypeInteger.module\nFieldtype/FieldtypeFloat.module\nFieldtype/FieldtypeFieldsetTabOpen.module\nFieldtype/FieldtypeModule.module\nFieldtype/FieldtypeTextarea.module\nFieldtype/FieldtypeImage.module\nFieldtype/FieldtypeEmail.module\nFieldtype/FieldtypeComments/FieldtypeComments.module\nFieldtype/FieldtypeComments/InputfieldCommentsAdmin.module\nFieldtype/FieldtypeComments/CommentFilterAkismet.module\nFieldtype/FieldtypePageTable.module\nPageRender.module\nInputfield/InputfieldAsmSelect/InputfieldAsmSelect.module\nInputfield/InputfieldName.module\nInputfield/InputfieldInteger.module\nInputfield/InputfieldPageListSelect/InputfieldPageListSelect.module\nInputfield/InputfieldPageListSelect/InputfieldPageListSelectMultiple.module\nInputfield/InputfieldCheckbox.module\nInputfield/InputfieldFile/InputfieldFile.module\nInputfield/InputfieldPageTable/InputfieldPageTable.module\nInputfield/InputfieldIcon/InputfieldIcon.module\nInputfield/InputfieldCheckboxes/InputfieldCheckboxes.module\nInputfield/InputfieldMarkup.module\nInputfield/InputfieldURL.module\nInputfield/InputfieldSelectMultiple.module\nInputfield/InputfieldEmail.module\nInputfield/InputfieldPage/InputfieldPage.module\nInputfield/InputfieldForm.module\nInputfield/InputfieldButton.module\nInputfield/InputfieldHidden.module\nInputfield/InputfieldSubmit/InputfieldSubmit.module\nInputfield/InputfieldPassword/InputfieldPassword.module\nInputfield/InputfieldPageTitle/InputfieldPageTitle.module\nInputfield/InputfieldTextarea.module\nInputfield/InputfieldSelector/InputfieldSelector.module\nInputfield/InputfieldDatetime/InputfieldDatetime.module\nInputfield/InputfieldImage/InputfieldImage.module\nInputfield/InputfieldSelect.module\nInputfield/InputfieldRadios/InputfieldRadios.module\nInputfield/InputfieldCKEditor/InputfieldCKEditor.module\nInputfield/InputfieldPageAutocomplete/InputfieldPageAutocomplete.module\nInputfield/InputfieldPageName/InputfieldPageName.module\nInputfield/InputfieldText.module\nInputfield/InputfieldFieldset.module\nInputfield/InputfieldFloat.module\nProcess/ProcessLogger/ProcessLogger.module\nProcess/ProcessUser/ProcessUser.module\nProcess/ProcessPagesExportImport/ProcessPagesExportImport.module\nProcess/ProcessPageEditImageSelect/ProcessPageEditImageSelect.module\nProcess/ProcessPageEditLink/ProcessPageEditLink.module\nProcess/ProcessField/ProcessField.module\nProcess/ProcessPageLister/ProcessPageLister.module\nProcess/ProcessPageEdit/ProcessPageEdit.module\nProcess/ProcessPageSort.module\nProcess/ProcessCommentsManager/ProcessCommentsManager.module\nProcess/ProcessForgotPassword.module\nProcess/ProcessPageType/ProcessPageType.module\nProcess/ProcessRecentPages/ProcessRecentPages.module\nProcess/ProcessPageClone.module\nProcess/ProcessModule/ProcessModule.module\nProcess/ProcessProfile/ProcessProfile.module\nProcess/ProcessPageSearch/ProcessPageSearch.module\nProcess/ProcessPageView.module\nProcess/ProcessRole/ProcessRole.module\nProcess/ProcessPageTrash.module\nProcess/ProcessPageList/ProcessPageList.module\nProcess/ProcessLogin/ProcessLogin.module\nProcess/ProcessHome.module\nProcess/ProcessPageAdd/ProcessPageAdd.module\nProcess/ProcessList.module\nProcess/ProcessTemplate/ProcessTemplate.module\nProcess/ProcessPermission/ProcessPermission.module\nPagePermissions.module\nSession/SessionHandlerDB/SessionHandlerDB.module\nSession/SessionHandlerDB/ProcessSessionDB.module\nSession/SessionLoginThrottle/SessionLoginThrottle.module\nAdminTheme/AdminThemeUikit/AdminThemeUikit.module\nAdminTheme/AdminThemeDefault/AdminThemeDefault.module\nAdminTheme/AdminThemeReno/AdminThemeReno.module\nJquery/JqueryCore/JqueryCore.module\nJquery/JqueryMagnific/JqueryMagnific.module\nJquery/JqueryTableSorter/JqueryTableSorter.module\nJquery/JqueryUI/JqueryUI.module\nJquery/JqueryWireTabs/JqueryWireTabs.module\nLazyCron.module', '2010-04-08 03:10:10');
INSERT INTO `caches` (`name`, `data`, `expires`) VALUES('ModulesVerbose.info', '{\"139\":{\"summary\":\"Manages system versions and upgrades.\",\"core\":true,\"versionStr\":\"0.1.6\"},\"98\":{\"summary\":\"Generates markup for pagination navigation\",\"core\":true,\"versionStr\":\"1.0.5\"},\"113\":{\"summary\":\"Adds renderPager() method to all PaginatedArray types, for easy pagination output. Plus a render() method to PageArray instances.\",\"core\":true,\"versionStr\":\"1.0.0\"},\"67\":{\"summary\":\"Generates markup for data tables used by ProcessWire admin\",\"core\":true,\"versionStr\":\"1.0.7\"},\"156\":{\"summary\":\"Front-end to the HTML Purifier library.\",\"core\":true,\"versionStr\":\"4.9.2\"},\"61\":{\"summary\":\"Entity encode ampersands, quotes (single and double) and greater-than\\/less-than signs using htmlspecialchars(str, ENT_QUOTES). It is recommended that you use this on all text\\/textarea fields except those using a rich text editor or a markup language like Markdown.\",\"core\":true,\"versionStr\":\"1.0.0\"},\"135\":{\"summary\":\"Field that stores a URL\",\"core\":true,\"versionStr\":\"1.0.1\"},\"111\":{\"summary\":\"Field that stores a page title\",\"core\":true,\"versionStr\":\"1.0.0\"},\"4\":{\"summary\":\"Field that stores one or more references to ProcessWire pages\",\"core\":true,\"versionStr\":\"1.0.5\"},\"97\":{\"summary\":\"This Fieldtype stores an ON\\/OFF toggle via a single checkbox. The ON value is 1 and OFF value is 0.\",\"core\":true,\"versionStr\":\"1.0.1\"},\"28\":{\"summary\":\"Field that stores a date and optionally time\",\"core\":true,\"versionStr\":\"1.0.4\"},\"3\":{\"summary\":\"Field that stores a single line of text\",\"core\":true,\"versionStr\":\"1.0.0\"},\"133\":{\"summary\":\"Field that stores a hashed and salted password\",\"core\":true,\"versionStr\":\"1.0.1\"},\"105\":{\"summary\":\"Open a fieldset to group fields. Should be followed by a Fieldset (Close) after one or more fields.\",\"core\":true,\"versionStr\":\"1.0.1\"},\"6\":{\"summary\":\"Field that stores one or more files\",\"core\":true,\"versionStr\":\"1.0.5\"},\"106\":{\"summary\":\"Close a fieldset opened by FieldsetOpen. \",\"core\":true,\"versionStr\":\"1.0.0\"},\"84\":{\"summary\":\"Field that stores an integer\",\"core\":true,\"versionStr\":\"1.0.1\"},\"89\":{\"summary\":\"Field that stores a floating point (decimal) number\",\"core\":true,\"versionStr\":\"1.0.5\"},\"107\":{\"summary\":\"Open a fieldset to group fields. Same as Fieldset (Open) except that it displays in a tab instead.\",\"core\":true,\"versionStr\":\"1.0.0\"},\"27\":{\"summary\":\"Field that stores a reference to another module\",\"core\":true,\"versionStr\":\"1.0.1\"},\"1\":{\"summary\":\"Field that stores multiple lines of text\",\"core\":true,\"versionStr\":\"1.0.7\"},\"57\":{\"summary\":\"Field that stores one or more GIF, JPG, or PNG images\",\"core\":true,\"versionStr\":\"1.0.1\"},\"29\":{\"summary\":\"Field that stores an e-mail address\",\"core\":true,\"versionStr\":\"1.0.0\"},\"115\":{\"summary\":\"Adds a render method to Page and caches page output.\",\"core\":true,\"versionStr\":\"1.0.5\"},\"25\":{\"summary\":\"Multiple selection, progressive enhancement to select multiple\",\"core\":true,\"versionStr\":\"1.2.1\"},\"41\":{\"summary\":\"Text input validated as a ProcessWire name field\",\"core\":true,\"versionStr\":\"1.0.0\"},\"85\":{\"summary\":\"Integer (positive or negative)\",\"core\":true,\"versionStr\":\"1.0.4\"},\"15\":{\"summary\":\"Selection of a single page from a ProcessWire page tree list\",\"core\":true,\"versionStr\":\"1.0.1\"},\"137\":{\"summary\":\"Selection of multiple pages from a ProcessWire page tree list\",\"core\":true,\"versionStr\":\"1.0.2\"},\"37\":{\"summary\":\"Single checkbox toggle\",\"core\":true,\"versionStr\":\"1.0.5\"},\"55\":{\"summary\":\"One or more file uploads (sortable)\",\"core\":true,\"versionStr\":\"1.2.5\"},\"162\":{\"summary\":\"Select an icon\",\"core\":true,\"versionStr\":\"0.0.2\"},\"38\":{\"summary\":\"Multiple checkbox toggles\",\"core\":true,\"versionStr\":\"1.0.7\"},\"79\":{\"summary\":\"Contains any other markup and optionally child Inputfields\",\"core\":true,\"versionStr\":\"1.0.2\"},\"108\":{\"summary\":\"URL in valid format\",\"core\":true,\"versionStr\":\"1.0.2\"},\"43\":{\"summary\":\"Select multiple items from a list\",\"core\":true,\"versionStr\":\"1.0.1\"},\"80\":{\"summary\":\"E-Mail address in valid format\",\"core\":true,\"versionStr\":\"1.0.1\"},\"60\":{\"summary\":\"Select one or more pages\",\"core\":true,\"versionStr\":\"1.0.7\"},\"30\":{\"summary\":\"Contains one or more fields in a form\",\"core\":true,\"versionStr\":\"1.0.7\"},\"131\":{\"summary\":\"Form button element that you can optionally pass an href attribute to.\",\"core\":true,\"versionStr\":\"1.0.0\"},\"40\":{\"summary\":\"Hidden value in a form\",\"core\":true,\"versionStr\":\"1.0.1\"},\"32\":{\"summary\":\"Form submit button\",\"core\":true,\"versionStr\":\"1.0.2\"},\"122\":{\"summary\":\"Password input with confirmation field that doesn&#039;t ever echo the input back.\",\"core\":true,\"versionStr\":\"1.0.2\"},\"112\":{\"summary\":\"Handles input of Page Title and auto-generation of Page Name (when name is blank)\",\"core\":true,\"versionStr\":\"1.0.2\"},\"35\":{\"summary\":\"Multiple lines of text\",\"core\":true,\"versionStr\":\"1.0.3\"},\"149\":{\"summary\":\"Build a page finding selector visually.\",\"author\":\"Avoine + ProcessWire\",\"core\":true,\"versionStr\":\"0.2.7\"},\"94\":{\"summary\":\"Inputfield that accepts date and optionally time\",\"core\":true,\"versionStr\":\"1.0.6\"},\"56\":{\"summary\":\"One or more image uploads (sortable)\",\"core\":true,\"versionStr\":\"1.2.2\"},\"36\":{\"summary\":\"Selection of a single value from a select pulldown\",\"core\":true,\"versionStr\":\"1.0.2\"},\"39\":{\"summary\":\"Radio buttons for selection of a single item\",\"core\":true,\"versionStr\":\"1.0.5\"},\"155\":{\"summary\":\"CKEditor textarea rich text editor.\",\"core\":true,\"versionStr\":\"1.6.1\"},\"86\":{\"summary\":\"Text input validated as a ProcessWire Page name field\",\"core\":true,\"versionStr\":\"1.0.6\"},\"34\":{\"summary\":\"Single line of text\",\"core\":true,\"versionStr\":\"1.0.6\"},\"78\":{\"summary\":\"Groups one or more fields together in a container\",\"core\":true,\"versionStr\":\"1.0.1\"},\"90\":{\"summary\":\"Floating point number with precision\",\"core\":true,\"versionStr\":\"1.0.3\"},\"161\":{\"summary\":\"View and manage system logs.\",\"author\":\"Ryan Cramer\",\"core\":true,\"versionStr\":\"0.0.1\",\"permissions\":{\"logs-view\":\"Can view system logs\",\"logs-edit\":\"Can manage system logs\"},\"page\":{\"name\":\"logs\",\"parent\":\"setup\",\"title\":\"Logs\"}},\"66\":{\"summary\":\"Manage system users\",\"core\":true,\"versionStr\":\"1.0.7\",\"searchable\":\"users\"},\"129\":{\"summary\":\"Provides image manipulation functions for image fields and rich text editors.\",\"core\":true,\"versionStr\":\"1.2.0\"},\"121\":{\"summary\":\"Provides a link capability as used by some Fieldtype modules (like rich text editors).\",\"core\":true,\"versionStr\":\"1.0.8\"},\"48\":{\"summary\":\"Edit individual fields that hold page data\",\"core\":true,\"versionStr\":\"1.1.3\",\"searchable\":\"fields\"},\"150\":{\"summary\":\"Admin tool for finding and listing pages by any property.\",\"author\":\"Ryan Cramer\",\"core\":true,\"versionStr\":\"0.2.4\",\"permissions\":{\"page-lister\":\"Use Page Lister\"}},\"7\":{\"summary\":\"Edit a Page\",\"core\":true,\"versionStr\":\"1.0.9\"},\"14\":{\"summary\":\"Handles page sorting and moving for PageList\",\"core\":true,\"versionStr\":\"1.0.0\"},\"134\":{\"summary\":\"List, Edit and Add pages of a specific type\",\"core\":true,\"versionStr\":\"1.0.1\"},\"159\":{\"summary\":\"Shows a list of recently edited pages in your admin.\",\"author\":\"Ryan Cramer\",\"href\":\"http:\\/\\/modules.processwire.com\\/\",\"core\":true,\"versionStr\":\"0.0.2\",\"permissions\":{\"page-edit-recent\":\"Can see recently edited pages\"},\"page\":{\"name\":\"recent-pages\",\"parent\":\"page\",\"title\":\"Recent\"}},\"50\":{\"summary\":\"List, edit or install\\/uninstall modules\",\"core\":true,\"versionStr\":\"1.1.8\"},\"138\":{\"summary\":\"Enables user to change their password, email address and other settings that you define.\",\"core\":true,\"versionStr\":\"1.0.4\"},\"104\":{\"summary\":\"Provides a page search engine for admin use.\",\"core\":true,\"versionStr\":\"1.0.6\"},\"83\":{\"summary\":\"All page views are routed through this Process\",\"core\":true,\"versionStr\":\"1.0.4\"},\"68\":{\"summary\":\"Manage user roles and what permissions are attached\",\"core\":true,\"versionStr\":\"1.0.4\"},\"109\":{\"summary\":\"Handles emptying of Page trash\",\"core\":true,\"versionStr\":\"1.0.3\"},\"12\":{\"summary\":\"List pages in a hierarchical tree structure\",\"core\":true,\"versionStr\":\"1.2.2\"},\"10\":{\"summary\":\"Login to ProcessWire\",\"core\":true,\"versionStr\":\"1.0.6\"},\"87\":{\"summary\":\"Acts as a placeholder Process for the admin root. Ensures proper flow control after login.\",\"core\":true,\"versionStr\":\"1.0.1\"},\"17\":{\"summary\":\"Add a new page\",\"core\":true,\"versionStr\":\"1.0.8\"},\"76\":{\"summary\":\"Lists the Process assigned to each child page of the current\",\"core\":true,\"versionStr\":\"1.0.1\"},\"47\":{\"summary\":\"List and edit the templates that control page output\",\"core\":true,\"versionStr\":\"1.1.4\",\"searchable\":\"templates\"},\"136\":{\"summary\":\"Manage system permissions\",\"core\":true,\"versionStr\":\"1.0.1\"},\"114\":{\"summary\":\"Adds various permission methods to Page objects that are used by Process modules.\",\"core\":true,\"versionStr\":\"1.0.5\"},\"125\":{\"summary\":\"Throttles login attempts to help prevent dictionary attacks.\",\"core\":true,\"versionStr\":\"1.0.3\"},\"160\":{\"summary\":\"Uikit v3 admin theme\",\"core\":true,\"versionStr\":\"0.3.0\"},\"148\":{\"summary\":\"Minimal admin theme that supports all ProcessWire features.\",\"core\":true,\"versionStr\":\"0.1.4\"},\"116\":{\"summary\":\"jQuery Core as required by ProcessWire Admin and plugins\",\"href\":\"http:\\/\\/jquery.com\",\"core\":true,\"versionStr\":\"1.8.3\"},\"151\":{\"summary\":\"Provides lightbox capability for image galleries. Replacement for FancyBox. Uses Magnific Popup by @dimsemenov.\",\"href\":\"http:\\/\\/dimsemenov.com\\/plugins\\/magnific-popup\\/\",\"core\":true,\"versionStr\":\"0.0.1\"},\"103\":{\"summary\":\"Provides a jQuery plugin for sorting tables.\",\"href\":\"http:\\/\\/mottie.github.io\\/tablesorter\\/\",\"core\":true,\"versionStr\":\"2.2.1\"},\"117\":{\"summary\":\"jQuery UI as required by ProcessWire and plugins\",\"href\":\"http:\\/\\/ui.jquery.com\",\"core\":true,\"versionStr\":\"1.9.6\"},\"45\":{\"summary\":\"Provides a jQuery plugin for generating tabs in ProcessWire.\",\"core\":true,\"versionStr\":\"1.0.9\"},\"170\":{\"summary\":\"Create and\\/or restore database backups from ProcessWire admin.\",\"author\":\"Ryan Cramer\",\"versionStr\":\"0.0.5\",\"permissions\":{\"db-backup\":\"Manage database backups (recommended for superuser only)\"},\"page\":{\"name\":\"db-backups\",\"parent\":\"setup\",\"title\":\"DB Backups\"}},\"166\":{\"summary\":\"Allows you to put your site into protected mode so that users must be logged in to access the front-end of the site.\",\"author\":\"Adrian Jones\",\"href\":\"http:\\/\\/modules.processwire.com\\/modules\\/protected-mode\\/\",\"versionStr\":\"1.1.0\"},\"163\":{\"summary\":\"Provides jQuery DataTables for use in ProcessWire.\",\"href\":\"http:\\/\\/datatables.net\",\"versionStr\":\"1.9.4\"},\"164\":{\"summary\":\"Browse Modules from modules.processwire.com. Download, update or install them. Consider this a proof of concept and use at your own risk.\",\"author\":\"Philipp \'Soma\' Urlich\",\"href\":\"http:\\/\\/processwire.com\\/talk\\/topic\\/1550-modules-manager\\/\",\"versionStr\":\"2.1.6\"},\"168\":{\"summary\":\"This module extends \\\\ProcessWire\\\\WireMail base class, integrating the PHPMailer mailing library into ProcessWire.\",\"author\":\"\\u0130skender TOTO\\u011eLU | @ukyo(community), @trk (Github), http:\\/\\/altivebir.com.tr\",\"href\":\"https:\\/\\/github.com\\/trk\\/WireMailPHPMailer\",\"versionStr\":\"0.0.7\"},\"169\":{\"summary\":\"Duplicate, backup and transfer an entire site from one location to another.\",\"author\":\"flydev\",\"href\":\"https:\\/\\/processwire.com\\/talk\\/topic\\/15345-duplicator-backup-and-move-sites\\/\",\"versionStr\":\"1.3.15\"}}', '2010-04-08 03:10:10');
INSERT INTO `caches` (`name`, `data`, `expires`) VALUES('ModulesUninstalled.info', '{\"PagePaths\":{\"name\":\"PagePaths\",\"title\":\"Page Paths\",\"version\":1,\"versionStr\":\"0.0.1\",\"summary\":\"Enables page paths\\/urls to be queryable by selectors. Also offers potential for improved load performance. Builds an index at install (may take time on a large site). Currently supports only single languages sites.\",\"autoload\":true,\"singular\":true,\"created\":1554651403,\"installed\":false,\"namespace\":\"ProcessWire\\\\\",\"core\":true},\"PageFrontEdit\":{\"name\":\"PageFrontEdit\",\"title\":\"Front-End Page Editor\",\"version\":3,\"versionStr\":\"0.0.3\",\"author\":\"Ryan Cramer\",\"summary\":\"Enables front-end editing of page fields.\",\"icon\":\"cube\",\"permissions\":{\"page-edit-front\":\"Use the front-end page editor\"},\"autoload\":true,\"created\":1554651604,\"installed\":false,\"configurable\":\"PageFrontEditConfig.php\",\"namespace\":\"ProcessWire\\\\\",\"core\":true,\"license\":\"MPL 2.0\"},\"PagePathHistory\":{\"name\":\"PagePathHistory\",\"title\":\"Page Path History\",\"version\":4,\"versionStr\":\"0.0.4\",\"summary\":\"Keeps track of past URLs where pages have lived and automatically redirects (301 permament) to the new location whenever the past URL is accessed.\",\"autoload\":true,\"singular\":true,\"created\":1554651403,\"installed\":false,\"namespace\":\"ProcessWire\\\\\",\"core\":true},\"LanguageSupportPageNames\":{\"name\":\"LanguageSupportPageNames\",\"title\":\"Languages Support - Page Names\",\"version\":10,\"versionStr\":\"0.1.0\",\"author\":\"Ryan Cramer\",\"summary\":\"Required to use multi-language page names.\",\"requiresVersions\":{\"LanguageSupport\":[\">=\",0],\"LanguageSupportFields\":[\">=\",0]},\"autoload\":true,\"singular\":true,\"created\":1554651423,\"installed\":false,\"configurable\":3,\"namespace\":\"ProcessWire\\\\\",\"core\":true},\"LanguageSupport\":{\"name\":\"LanguageSupport\",\"title\":\"Languages Support\",\"version\":103,\"versionStr\":\"1.0.3\",\"author\":\"Ryan Cramer\",\"summary\":\"ProcessWire multi-language support.\",\"installs\":[\"ProcessLanguage\",\"ProcessLanguageTranslator\"],\"autoload\":true,\"singular\":true,\"created\":1554651423,\"installed\":false,\"configurable\":3,\"namespace\":\"ProcessWire\\\\\",\"core\":true,\"addFlag\":32},\"FieldtypeTextLanguage\":{\"name\":\"FieldtypeTextLanguage\",\"title\":\"Text (Multi-language)\",\"version\":100,\"versionStr\":\"1.0.0\",\"summary\":\"Field that stores a single line of text in multiple languages\",\"requiresVersions\":{\"LanguageSupportFields\":[\">=\",0]},\"created\":1554651422,\"installed\":false,\"namespace\":\"ProcessWire\\\\\",\"core\":true},\"LanguageSupportFields\":{\"name\":\"LanguageSupportFields\",\"title\":\"Languages Support - Fields\",\"version\":100,\"versionStr\":\"1.0.0\",\"author\":\"Ryan Cramer\",\"summary\":\"Required to use multi-language fields.\",\"requiresVersions\":{\"LanguageSupport\":[\">=\",0]},\"installs\":[\"FieldtypePageTitleLanguage\",\"FieldtypeTextareaLanguage\",\"FieldtypeTextLanguage\"],\"autoload\":true,\"singular\":true,\"created\":1554651423,\"installed\":false,\"namespace\":\"ProcessWire\\\\\",\"core\":true},\"ProcessLanguageTranslator\":{\"name\":\"ProcessLanguageTranslator\",\"title\":\"Language Translator\",\"version\":101,\"versionStr\":\"1.0.1\",\"author\":\"Ryan Cramer\",\"summary\":\"Provides language translation capabilities for ProcessWire core and modules.\",\"requiresVersions\":{\"LanguageSupport\":[\">=\",0]},\"permission\":\"lang-edit\",\"created\":1554651502,\"installed\":false,\"namespace\":\"ProcessWire\\\\\",\"core\":true},\"LanguageTabs\":{\"name\":\"LanguageTabs\",\"title\":\"Languages Support - Tabs\",\"version\":114,\"versionStr\":\"1.1.4\",\"author\":\"adamspruijt, ryan\",\"summary\":\"Organizes multi-language fields into tabs for a cleaner easier to use interface.\",\"requiresVersions\":{\"LanguageSupport\":[\">=\",0]},\"autoload\":\"template=admin\",\"singular\":true,\"created\":1554651424,\"installed\":false,\"configurable\":4,\"namespace\":\"ProcessWire\\\\\",\"core\":true},\"FieldtypePageTitleLanguage\":{\"name\":\"FieldtypePageTitleLanguage\",\"title\":\"Page Title (Multi-Language)\",\"version\":100,\"versionStr\":\"1.0.0\",\"author\":\"Ryan Cramer\",\"summary\":\"Field that stores a page title in multiple languages. Use this only if you want title inputs created for ALL languages on ALL pages. Otherwise create separate languaged-named title fields, i.e. title_fr, title_es, title_fi, etc. \",\"requiresVersions\":{\"LanguageSupportFields\":[\">=\",0],\"FieldtypeTextLanguage\":[\">=\",0]},\"created\":1554651422,\"installed\":false,\"namespace\":\"ProcessWire\\\\\",\"core\":true},\"FieldtypeTextareaLanguage\":{\"name\":\"FieldtypeTextareaLanguage\",\"title\":\"Textarea (Multi-language)\",\"version\":100,\"versionStr\":\"1.0.0\",\"summary\":\"Field that stores a multiple lines of text in multiple languages\",\"requiresVersions\":{\"LanguageSupportFields\":[\">=\",0]},\"created\":1554651422,\"installed\":false,\"namespace\":\"ProcessWire\\\\\",\"core\":true},\"ProcessLanguage\":{\"name\":\"ProcessLanguage\",\"title\":\"Languages\",\"version\":103,\"versionStr\":\"1.0.3\",\"author\":\"Ryan Cramer\",\"summary\":\"Manage system languages\",\"icon\":\"language\",\"requiresVersions\":{\"LanguageSupport\":[\">=\",0]},\"permission\":\"lang-edit\",\"permissions\":{\"lang-edit\":\"Administer languages and static translation files\"},\"created\":1554651502,\"installed\":false,\"configurable\":3,\"namespace\":\"ProcessWire\\\\\",\"core\":true,\"useNavJSON\":true},\"ImageSizerEngineIMagick\":{\"name\":\"ImageSizerEngineIMagick\",\"title\":\"IMagick Image Sizer\",\"version\":2,\"versionStr\":\"0.0.2\",\"author\":\"Horst Nogajski\",\"summary\":\"Upgrades image manipulations to use PHP\'s ImageMagick library when possible.\",\"created\":1554651547,\"installed\":false,\"configurable\":4,\"namespace\":\"ProcessWire\\\\\",\"core\":true},\"ImageSizerEngineAnimatedGif\":{\"name\":\"ImageSizerEngineAnimatedGif\",\"title\":\"Animated GIF Image Sizer\",\"version\":1,\"versionStr\":\"0.0.1\",\"author\":\"Horst Nogajski\",\"summary\":\"Upgrades image manipulations for animated GIFs.\",\"created\":1554651546,\"installed\":false,\"configurable\":4,\"namespace\":\"ProcessWire\\\\\",\"core\":true},\"SystemNotifications\":{\"name\":\"SystemNotifications\",\"title\":\"System Notifications\",\"version\":12,\"versionStr\":\"0.1.2\",\"summary\":\"Adds support for notifications in ProcessWire (currently in development)\",\"icon\":\"bell\",\"installs\":[\"FieldtypeNotifications\"],\"autoload\":true,\"created\":1554651627,\"installed\":false,\"configurable\":\"SystemNotificationsConfig.php\",\"namespace\":\"ProcessWire\\\\\",\"core\":true},\"FieldtypeNotifications\":{\"name\":\"FieldtypeNotifications\",\"title\":\"Notifications\",\"version\":4,\"versionStr\":\"0.0.4\",\"summary\":\"Field that stores user notifications.\",\"requiresVersions\":{\"SystemNotifications\":[\">=\",0]},\"created\":1554651626,\"installed\":false,\"namespace\":\"ProcessWire\\\\\",\"core\":true},\"FileCompilerTags\":{\"name\":\"FileCompilerTags\",\"title\":\"Tags File Compiler\",\"version\":1,\"versionStr\":\"0.0.1\",\"summary\":\"Enables {var} or {var.property} variables in markup sections of a file. Can be used with any API variable.\",\"created\":1554651403,\"installed\":false,\"configurable\":4,\"namespace\":\"ProcessWire\\\\\",\"core\":true},\"MarkupCache\":{\"name\":\"MarkupCache\",\"title\":\"Markup Cache\",\"version\":101,\"versionStr\":\"1.0.1\",\"summary\":\"A simple way to cache segments of markup in your templates. \",\"href\":\"https:\\/\\/processwire.com\\/api\\/modules\\/markupcache\\/\",\"autoload\":true,\"singular\":true,\"created\":1554651503,\"installed\":false,\"configurable\":3,\"namespace\":\"ProcessWire\\\\\",\"core\":true},\"MarkupPageFields\":{\"name\":\"MarkupPageFields\",\"title\":\"Markup Page Fields\",\"version\":100,\"versionStr\":\"1.0.0\",\"summary\":\"Adds $page->renderFields() and $page->images->render() methods that return basic markup for output during development and debugging.\",\"autoload\":true,\"singular\":true,\"created\":1554651503,\"installed\":false,\"namespace\":\"ProcessWire\\\\\",\"core\":true,\"permanent\":true},\"MarkupRSS\":{\"name\":\"MarkupRSS\",\"title\":\"Markup RSS Feed\",\"version\":102,\"versionStr\":\"1.0.2\",\"summary\":\"Renders an RSS feed. Given a PageArray, renders an RSS feed of them.\",\"created\":1554651503,\"installed\":false,\"configurable\":3,\"namespace\":\"ProcessWire\\\\\",\"core\":true},\"TextformatterPstripper\":{\"name\":\"TextformatterPstripper\",\"title\":\"Paragraph Stripper\",\"version\":100,\"versionStr\":\"1.0.0\",\"summary\":\"Strips paragraph <p> tags that may have been applied by other text formatters before it. \",\"created\":1554651505,\"installed\":false,\"namespace\":\"ProcessWire\\\\\",\"core\":true},\"TextformatterStripTags\":{\"name\":\"TextformatterStripTags\",\"title\":\"Strip Markup Tags\",\"version\":100,\"versionStr\":\"1.0.0\",\"summary\":\"Strips HTML\\/XHTML Markup Tags\",\"created\":1554651505,\"installed\":false,\"configurable\":3,\"namespace\":\"ProcessWire\\\\\",\"core\":true},\"TextformatterNewlineUL\":{\"name\":\"TextformatterNewlineUL\",\"title\":\"Newlines to Unordered List\",\"version\":100,\"versionStr\":\"1.0.0\",\"summary\":\"Converts newlines to <li> list items and surrounds in an <ul> unordered list. \",\"created\":1554651505,\"installed\":false,\"namespace\":\"ProcessWire\\\\\",\"core\":true},\"TextformatterMarkdownExtra\":{\"name\":\"TextformatterMarkdownExtra\",\"title\":\"Markdown\\/Parsedown Extra\",\"version\":130,\"versionStr\":\"1.3.0\",\"summary\":\"Markdown\\/Parsedown extra lightweight markup language by Emanuil Rusev. Based on Markdown by John Gruber.\",\"created\":1554651630,\"installed\":false,\"configurable\":3,\"namespace\":\"ProcessWire\\\\\",\"core\":true},\"TextformatterSmartypants\":{\"name\":\"TextformatterSmartypants\",\"title\":\"SmartyPants Typographer\",\"version\":171,\"versionStr\":\"1.7.1\",\"summary\":\"Smart typography for web sites, by Michel Fortin based on SmartyPants by John Gruber. If combined with Markdown, it should be applied AFTER Markdown.\",\"created\":1554651630,\"installed\":false,\"configurable\":4,\"namespace\":\"ProcessWire\\\\\",\"core\":true,\"url\":\"https:\\/\\/github.com\\/michelf\\/php-smartypants\"},\"TextformatterNewlineBR\":{\"name\":\"TextformatterNewlineBR\",\"title\":\"Newlines to XHTML Line Breaks\",\"version\":100,\"versionStr\":\"1.0.0\",\"summary\":\"Converts newlines to XHTML line break <br \\/> tags. \",\"created\":1554651505,\"installed\":false,\"namespace\":\"ProcessWire\\\\\",\"core\":true},\"FieldtypeCache\":{\"name\":\"FieldtypeCache\",\"title\":\"Cache\",\"version\":102,\"versionStr\":\"1.0.2\",\"summary\":\"Caches the values of other fields for fewer runtime queries. Can also be used to combine multiple text fields and have them all be searchable under the cached field name.\",\"created\":1554651417,\"installed\":false,\"namespace\":\"ProcessWire\\\\\",\"core\":true},\"FieldtypeSelector\":{\"name\":\"FieldtypeSelector\",\"title\":\"Selector\",\"version\":13,\"versionStr\":\"0.1.3\",\"author\":\"Avoine + ProcessWire\",\"summary\":\"Build a page finding selector visually.\",\"created\":1554651419,\"installed\":false,\"namespace\":\"ProcessWire\\\\\",\"core\":true},\"InputfieldRepeater\":{\"name\":\"InputfieldRepeater\",\"title\":\"Repeater\",\"version\":106,\"versionStr\":\"1.0.6\",\"summary\":\"Repeats fields from another template. Provides the input for FieldtypeRepeater.\",\"requiresVersions\":{\"FieldtypeRepeater\":[\">=\",0]},\"created\":1554651544,\"installed\":false,\"namespace\":\"ProcessWire\\\\\",\"core\":true},\"FieldtypeFieldsetPage\":{\"name\":\"FieldtypeFieldsetPage\",\"title\":\"Fieldset (Page)\",\"version\":1,\"versionStr\":\"0.0.1\",\"summary\":\"Fieldset with fields isolated to separate namespace (page), enabling re-use of fields.\",\"requiresVersions\":{\"FieldtypeRepeater\":[\">=\",0]},\"autoload\":true,\"created\":1554651544,\"installed\":false,\"configurable\":3,\"namespace\":\"ProcessWire\\\\\",\"core\":true},\"FieldtypeRepeater\":{\"name\":\"FieldtypeRepeater\",\"title\":\"Repeater\",\"version\":106,\"versionStr\":\"1.0.6\",\"summary\":\"Maintains a collection of fields that are repeated for any number of times.\",\"installs\":[\"InputfieldRepeater\"],\"autoload\":true,\"created\":1554651544,\"installed\":false,\"configurable\":3,\"namespace\":\"ProcessWire\\\\\",\"core\":true},\"FieldtypeOptions\":{\"name\":\"FieldtypeOptions\",\"title\":\"Select Options\",\"version\":1,\"versionStr\":\"0.0.1\",\"summary\":\"Field that stores single and multi select options.\",\"created\":1554651542,\"installed\":false,\"namespace\":\"ProcessWire\\\\\",\"core\":true},\"FieldtypeComments\":{\"name\":\"FieldtypeComments\",\"title\":\"Comments\",\"version\":107,\"versionStr\":\"1.0.7\",\"summary\":\"Field that stores user posted comments for a single Page\",\"installs\":[\"InputfieldCommentsAdmin\"],\"created\":1554651542,\"installed\":false,\"namespace\":\"ProcessWire\\\\\",\"core\":true},\"InputfieldCommentsAdmin\":{\"name\":\"InputfieldCommentsAdmin\",\"title\":\"Comments Admin\",\"version\":104,\"versionStr\":\"1.0.4\",\"summary\":\"Provides an administrative interface for working with comments\",\"requiresVersions\":{\"FieldtypeComments\":[\">=\",0]},\"created\":1554651542,\"installed\":false,\"namespace\":\"ProcessWire\\\\\",\"core\":true},\"CommentFilterAkismet\":{\"name\":\"CommentFilterAkismet\",\"title\":\"Comment Filter: Akismet\",\"version\":102,\"versionStr\":\"1.0.2\",\"summary\":\"Uses the Akismet service to identify comment spam. Module plugin for the Comments Fieldtype.\",\"requiresVersions\":{\"FieldtypeComments\":[\">=\",0]},\"created\":1554651541,\"installed\":false,\"configurable\":3,\"namespace\":\"ProcessWire\\\\\",\"core\":true},\"FieldtypePageTable\":{\"name\":\"FieldtypePageTable\",\"title\":\"ProFields: Page Table\",\"version\":8,\"versionStr\":\"0.0.8\",\"summary\":\"A fieldtype containing a group of editable pages.\",\"installs\":[\"InputfieldPageTable\"],\"autoload\":true,\"created\":1554651418,\"installed\":false,\"namespace\":\"ProcessWire\\\\\",\"core\":true},\"InputfieldPageTable\":{\"name\":\"InputfieldPageTable\",\"title\":\"ProFields: Page Table\",\"version\":13,\"versionStr\":\"0.1.3\",\"summary\":\"Inputfield to accompany FieldtypePageTable\",\"requiresVersions\":{\"FieldtypePageTable\":[\">=\",0]},\"created\":1554651559,\"installed\":false,\"namespace\":\"ProcessWire\\\\\",\"core\":true},\"InputfieldPageAutocomplete\":{\"name\":\"InputfieldPageAutocomplete\",\"title\":\"Page Auto Complete\",\"version\":112,\"versionStr\":\"1.1.2\",\"summary\":\"Multiple Page selection using auto completion and sorting capability. Intended for use as an input field for Page reference fields.\",\"created\":1554651556,\"installed\":false,\"namespace\":\"ProcessWire\\\\\",\"core\":true},\"ProcessPagesExportImport\":{\"name\":\"ProcessPagesExportImport\",\"title\":\"Pages Export\\/Import\",\"version\":1,\"versionStr\":\"0.0.1\",\"author\":\"Ryan Cramer\",\"summary\":\"Enables exporting and importing of pages. Development version, not yet recommended for production use.\",\"icon\":\"paper-plane-o\",\"permission\":\"page-edit-export\",\"created\":1554651619,\"installed\":false,\"namespace\":\"ProcessWire\\\\\",\"core\":true,\"page\":{\"name\":\"export-import\",\"parent\":\"page\",\"title\":\"Export\\/Import\"}},\"ProcessCommentsManager\":{\"name\":\"ProcessCommentsManager\",\"title\":\"Comments\",\"version\":8,\"versionStr\":\"0.0.8\",\"author\":\"Ryan Cramer\",\"summary\":\"Manage comments in your site outside of the page editor.\",\"icon\":\"comments\",\"requiresVersions\":{\"FieldtypeComments\":[\">=\",0]},\"permission\":\"comments-manager\",\"permissions\":{\"comments-manager\":\"Use the comments manager\"},\"created\":1554651606,\"installed\":false,\"searchable\":\"comments\",\"namespace\":\"ProcessWire\\\\\",\"core\":true,\"page\":{\"name\":\"comments\",\"parent\":\"setup\",\"title\":\"Comments\"},\"nav\":[{\"url\":\"?go=approved\",\"label\":\"Approved\"},{\"url\":\"?go=pending\",\"label\":\"Pending\"},{\"url\":\"?go=spam\",\"label\":\"Spam\"},{\"url\":\"?go=all\",\"label\":\"All\"}]},\"ProcessForgotPassword\":{\"name\":\"ProcessForgotPassword\",\"title\":\"Forgot Password\",\"version\":103,\"versionStr\":\"1.0.3\",\"summary\":\"Provides password reset\\/email capability for the Login process.\",\"permission\":\"page-view\",\"created\":1554651504,\"installed\":false,\"configurable\":4,\"namespace\":\"ProcessWire\\\\\",\"core\":true},\"ProcessPageClone\":{\"name\":\"ProcessPageClone\",\"title\":\"Page Clone\",\"version\":104,\"versionStr\":\"1.0.4\",\"summary\":\"Provides ability to clone\\/copy\\/duplicate pages in the admin. Adds a &quot;copy&quot; option to all applicable pages in the PageList.\",\"permission\":\"page-clone\",\"permissions\":{\"page-clone\":\"Clone a page\",\"page-clone-tree\":\"Clone a tree of pages\"},\"autoload\":\"template=admin\",\"created\":1554651504,\"installed\":false,\"namespace\":\"ProcessWire\\\\\",\"core\":true,\"page\":{\"name\":\"clone\",\"title\":\"Clone\",\"parent\":\"page\",\"status\":1024}},\"SessionHandlerDB\":{\"name\":\"SessionHandlerDB\",\"title\":\"Session Handler Database\",\"version\":5,\"versionStr\":\"0.0.5\",\"summary\":\"Installing this module makes ProcessWire store sessions in the database rather than the file system. Note that this module will log you out after install or uninstall.\",\"installs\":[\"ProcessSessionDB\"],\"created\":1554651625,\"installed\":false,\"configurable\":3,\"namespace\":\"ProcessWire\\\\\",\"core\":true},\"ProcessSessionDB\":{\"name\":\"ProcessSessionDB\",\"title\":\"Sessions\",\"version\":3,\"versionStr\":\"0.0.3\",\"summary\":\"Enables you to browse active database sessions.\",\"icon\":\"dashboard\",\"requiresVersions\":{\"SessionHandlerDB\":[\">=\",0]},\"created\":1554651625,\"installed\":false,\"namespace\":\"ProcessWire\\\\\",\"core\":true},\"AdminThemeReno\":{\"name\":\"AdminThemeReno\",\"title\":\"Reno\",\"version\":17,\"versionStr\":\"0.1.7\",\"author\":\"Tom Reno (Renobird)\",\"summary\":\"Admin theme for ProcessWire 2.5+ by Tom Reno (Renobird)\",\"requiresVersions\":{\"AdminThemeDefault\":[\">=\",0]},\"autoload\":\"template=admin\",\"created\":1554651537,\"installed\":false,\"configurable\":3,\"namespace\":\"ProcessWire\\\\\",\"core\":true},\"LazyCron\":{\"name\":\"LazyCron\",\"title\":\"Lazy Cron\",\"version\":102,\"versionStr\":\"1.0.2\",\"summary\":\"Provides hooks that are automatically executed at various intervals. It is called \'lazy\' because it\'s triggered by a pageview, so the interval is guaranteed to be at least the time requested, rather than exactly the time requested. This is fine for most cases, but you can make it not lazy by connecting this to a real CRON job. See the module file for details. \",\"href\":\"https:\\/\\/processwire.com\\/api\\/modules\\/lazy-cron\\/\",\"autoload\":true,\"singular\":true,\"created\":1554651403,\"installed\":false,\"namespace\":\"ProcessWire\\\\\",\"core\":true},\"Helloworld\":{\"name\":\"Helloworld\",\"title\":\"Hello World\",\"version\":3,\"versionStr\":\"0.0.3\",\"summary\":\"An example module used for demonstration purposes.\",\"href\":\"https:\\/\\/processwire.com\",\"icon\":\"smile-o\",\"autoload\":true,\"singular\":true,\"created\":1554652088,\"installed\":false},\"ModulesManagerNotification\":{\"name\":\"ModulesManagerNotification\",\"title\":\"Modules Manager Notification\",\"version\":11,\"versionStr\":\"0.1.1\",\"author\":\"Philipp \'Soma\' Urlich\",\"summary\":\"Send email notification to specified email address with installed modules updates available.\",\"requiresVersions\":{\"LazyCron\":[\">=\",0],\"ModulesManager\":[\">=\",0]},\"autoload\":true,\"singular\":true,\"created\":1554652315,\"installed\":false,\"configurable\":true,\"namespace\":\"\\\\\"},\"ProcessDuplicator\":{\"name\":\"ProcessDuplicator\",\"title\":\"Duplicator - Packages Manager\",\"version\":\"1.3.15\",\"versionStr\":\"1.3.15\",\"author\":\"flydev\",\"summary\":\"Manage your backups\\/packages built with Duplicator inside ProcessWire.\",\"href\":\"https:\\/\\/processwire.com\\/talk\\/topic\\/15345-duplicator-backup-and-move-sites\\/\",\"icon\":\"clone\",\"permission\":\"duplicator\",\"permissions\":{\"duplicator\":\"Run the Duplicator module\"},\"autoload\":\"function\",\"created\":1589870612,\"installed\":false,\"namespace\":\"\\\\\",\"page\":{\"name\":\"duplicator\",\"parent\":\"setup\",\"title\":\"Duplicator\"},\"require\":\"Duplicator\"}}', '2010-04-08 03:10:10');
INSERT INTO `caches` (`name`, `data`, `expires`) VALUES('Modules.site/modules/', 'ProcessDatabaseBackups/ProcessDatabaseBackups.module\nProtectedMode/ProtectedMode.module\nJqueryDataTables/JqueryDataTables.module\nHelloworld/Helloworld.module\nModulesManager/ModulesManager.module\nModulesManager/ModulesManagerNotification.module\nWireMailPHPMailer/WireMailPHPMailer.module\nDuplicator/Duplicator.module\nDuplicator/ProcessDuplicator.module', '2010-04-08 03:10:10');
INSERT INTO `caches` (`name`, `data`, `expires`) VALUES('FileCompiler__c1459031d1db57e06aef63c78769c5e4', '{\"source\":{\"file\":\"\\/var\\/www\\/vhosts\\/lernpraxis-evo.at\\/httpdocs\\/site\\/templates\\/admin.php\",\"hash\":\"9636f854995462a4cb877cb1204bc2fe\",\"size\":467,\"time\":1554651375,\"ns\":\"ProcessWire\"},\"target\":{\"file\":\"\\/var\\/www\\/vhosts\\/lernpraxis-evo.at\\/httpdocs\\/site\\/assets\\/cache\\/FileCompiler\\/site\\/templates\\/admin.php\",\"hash\":\"9636f854995462a4cb877cb1204bc2fe\",\"size\":467,\"time\":1554651375}}', '2010-04-08 03:10:10');
INSERT INTO `caches` (`name`, `data`, `expires`) VALUES('FileCompiler__91e428795ae3315f54df460105b70d7e', '{\"source\":{\"file\":\"\\/var\\/www\\/vhosts\\/lernpraxis-evo.at\\/httpdocs\\/site\\/modules\\/JqueryDataTables\\/JqueryDataTables.module\",\"hash\":\"57f0a29fcca2df924059df00805df09c\",\"size\":971,\"time\":1554652277,\"ns\":\"\\\\\"},\"target\":{\"file\":\"\\/var\\/www\\/vhosts\\/lernpraxis-evo.at\\/httpdocs\\/site\\/assets\\/cache\\/FileCompiler\\/site\\/modules\\/JqueryDataTables\\/JqueryDataTables.module\",\"hash\":\"e6ae9a8ab7716c8cae8cc7ec3cda2473\",\"size\":984,\"time\":1554652277}}', '2010-04-08 03:10:10');
INSERT INTO `caches` (`name`, `data`, `expires`) VALUES('FileCompiler__9bee3b3e098e89f0985981a486f15d52', '{\"source\":{\"file\":\"\\/var\\/www\\/vhosts\\/lernpraxis-evo.at\\/httpdocs\\/site\\/modules\\/ModulesManager\\/ModulesManagerNotification.module\",\"hash\":\"4b6232793bd700912f196418688b5356\",\"size\":7226,\"time\":1554652315,\"ns\":\"\\\\\"},\"target\":{\"file\":\"\\/var\\/www\\/vhosts\\/lernpraxis-evo.at\\/httpdocs\\/site\\/assets\\/cache\\/FileCompiler\\/site\\/modules\\/ModulesManager\\/ModulesManagerNotification.module\",\"hash\":\"bd3cbe7bc2116ab28ad912c754de8095\",\"size\":7473,\"time\":1554652315}}', '2010-04-08 03:10:10');
INSERT INTO `caches` (`name`, `data`, `expires`) VALUES('FileCompiler__f74574004fb005b0590e6e70aea17e5f', '{\"source\":{\"file\":\"\\/var\\/www\\/vhosts\\/lernpraxis-evo.at\\/httpdocs\\/site\\/modules\\/ModulesManager\\/ModulesManager.module\",\"hash\":\"8d0c632945794a3f33282e11400039f3\",\"size\":31359,\"time\":1554652315,\"ns\":\"\\\\\"},\"target\":{\"file\":\"\\/var\\/www\\/vhosts\\/lernpraxis-evo.at\\/httpdocs\\/site\\/assets\\/cache\\/FileCompiler\\/site\\/modules\\/ModulesManager\\/ModulesManager.module\",\"hash\":\"c8b252bd458d440ebded0a70760fe38a\",\"size\":31788,\"time\":1554652315}}', '2010-04-08 03:10:10');
INSERT INTO `caches` (`name`, `data`, `expires`) VALUES('FileCompiler__6384536756d185d51fefbe2f3c6d0f3d', '{\"source\":{\"file\":\"\\/var\\/www\\/vhosts\\/lernpraxis-evo.at\\/httpdocs\\/site\\/modules\\/MaintenanceMode\\/MaintenanceMode.module\",\"hash\":\"f87c11c0bc082cc8671edf0419cf2307\",\"size\":9486,\"time\":1554652432,\"ns\":\"\\\\\"},\"target\":{\"file\":\"\\/var\\/www\\/vhosts\\/lernpraxis-evo.at\\/httpdocs\\/site\\/assets\\/cache\\/FileCompiler\\/site\\/modules\\/MaintenanceMode\\/MaintenanceMode.module\",\"hash\":\"b5a8269043d63df577a86115d9e184af\",\"size\":9707,\"time\":1554652432}}', '2010-04-08 03:10:10');
INSERT INTO `caches` (`name`, `data`, `expires`) VALUES('FileCompiler__1ea6e5f1e766eea52fdfc68a8f6bc26a', '{\"source\":{\"file\":\"\\/var\\/www\\/vhosts\\/lernpraxis-evo.at\\/httpdocs\\/site\\/modules\\/ProtectedMode\\/ProtectedMode.module\",\"hash\":\"de57f1c563fc25d10699966ba6a42e6f\",\"size\":16861,\"time\":1554652902,\"ns\":\"\\\\\"},\"target\":{\"file\":\"\\/var\\/www\\/vhosts\\/lernpraxis-evo.at\\/httpdocs\\/site\\/assets\\/cache\\/FileCompiler\\/site\\/modules\\/ProtectedMode\\/ProtectedMode.module\",\"hash\":\"2620d3ce70fea8f424311b8632d04807\",\"size\":17329,\"time\":1554652902}}', '2010-04-08 03:10:10');
INSERT INTO `caches` (`name`, `data`, `expires`) VALUES('FileCompiler__fbdf5038c2dc35af2d5955c4f3a52774', '{\"source\":{\"file\":\"\\/var\\/www\\/vhosts\\/lernpraxis-evo.at\\/httpdocs\\/site\\/templates\\/home.php\",\"hash\":\"4b92d22e807aab7e49482af123f93989\",\"size\":5715,\"time\":1555279185,\"ns\":\"\\\\\"},\"target\":{\"file\":\"\\/var\\/www\\/vhosts\\/lernpraxis-evo.at\\/httpdocs\\/site\\/assets\\/cache\\/FileCompiler\\/site\\/templates\\/home.php\",\"hash\":\"e73562a6c5e51686a82c7015c9c24233\",\"size\":6067,\"time\":1555279185}}', '2010-04-08 03:10:10');
INSERT INTO `caches` (`name`, `data`, `expires`) VALUES('FileCompiler__cfbfbb891b0d8ff7e38c8232363c4568', '{\"source\":{\"file\":\"\\/var\\/www\\/vhosts\\/lernpraxis-evo.at\\/httpdocs\\/site\\/templates\\/basic-page.php\",\"hash\":\"e1c06d85ae7b8b032bef47e42e4c08f9\",\"size\":2,\"time\":1555017236,\"ns\":\"\\\\\"},\"target\":{\"file\":\"\\/var\\/www\\/vhosts\\/lernpraxis-evo.at\\/httpdocs\\/site\\/assets\\/cache\\/FileCompiler\\/site\\/templates\\/basic-page.php\",\"hash\":\"e1c06d85ae7b8b032bef47e42e4c08f9\",\"size\":2,\"time\":1555017236}}', '2010-04-08 03:10:10');
INSERT INTO `caches` (`name`, `data`, `expires`) VALUES('FileCompiler__eb3a452544eb09b46003e5cbc07fbb98', '{\"source\":{\"file\":\"\\/var\\/www\\/vhosts\\/lernpraxis-evo.at\\/httpdocs\\/site\\/templates\\/inc\\/header.inc\",\"hash\":\"9c5853679c56c095ae7925144c41c8a1\",\"size\":4369,\"time\":1555024628,\"ns\":\"\\\\\"},\"target\":{\"file\":\"\\/var\\/www\\/vhosts\\/lernpraxis-evo.at\\/httpdocs\\/site\\/assets\\/cache\\/FileCompiler\\/site\\/templates\\/inc\\/header.inc\",\"hash\":\"9c5853679c56c095ae7925144c41c8a1\",\"size\":4369,\"time\":1555024628}}', '2010-04-08 03:10:10');
INSERT INTO `caches` (`name`, `data`, `expires`) VALUES('FileCompiler__fda7828a485e370147f3a0c54e1905b4', '{\"source\":{\"file\":\"\\/var\\/www\\/vhosts\\/lernpraxis-evo.at\\/httpdocs\\/site\\/templates\\/impressum.php\",\"hash\":\"73462de835833b8a32e6c528ec43a4e1\",\"size\":6248,\"time\":1555024894,\"ns\":\"\\\\\"},\"target\":{\"file\":\"\\/var\\/www\\/vhosts\\/lernpraxis-evo.at\\/httpdocs\\/site\\/assets\\/cache\\/FileCompiler\\/site\\/templates\\/impressum.php\",\"hash\":\"00bd66db329babce5bf17e9e7628443a\",\"size\":6600,\"time\":1555024894}}', '2010-04-08 03:10:10');
INSERT INTO `caches` (`name`, `data`, `expires`) VALUES('FileCompiler__dbe7ac01ac80fca0335ba515e7e02919', '{\"source\":{\"file\":\"\\/var\\/www\\/vhosts\\/lernpraxis-evo.at\\/httpdocs\\/site\\/templates\\/blog.php\",\"hash\":\"2d10d398034ac03ca198c90323ffeecd\",\"size\":521,\"time\":1555024895,\"ns\":\"\\\\\"},\"target\":{\"file\":\"\\/var\\/www\\/vhosts\\/lernpraxis-evo.at\\/httpdocs\\/site\\/assets\\/cache\\/FileCompiler\\/site\\/templates\\/blog.php\",\"hash\":\"c4d32084f6e42a73a450f20b5499e80f\",\"size\":873,\"time\":1555024895}}', '2010-04-08 03:10:10');
INSERT INTO `caches` (`name`, `data`, `expires`) VALUES('FileCompiler__eae8fdc76fbdac12e62425fcc8bdc308', '{\"source\":{\"file\":\"\\/var\\/www\\/vhosts\\/lernpraxis-evo.at\\/httpdocs\\/site\\/templates\\/kontakt.php\",\"hash\":\"4d3d1b89c1fe2f9ce9175bca71a91cb9\",\"size\":3261,\"time\":1555282257,\"ns\":\"\\\\\"},\"target\":{\"file\":\"\\/var\\/www\\/vhosts\\/lernpraxis-evo.at\\/httpdocs\\/site\\/assets\\/cache\\/FileCompiler\\/site\\/templates\\/kontakt.php\",\"hash\":\"370dc41546ec263d5ffc8f830d2885dc\",\"size\":3613,\"time\":1555282257}}', '2010-04-08 03:10:10');
INSERT INTO `caches` (`name`, `data`, `expires`) VALUES('FileCompiler__53c997f1420a94a60389a48dfc4c3ba1', '{\"source\":{\"file\":\"\\/var\\/www\\/vhosts\\/lernpraxis-evo.at\\/httpdocs\\/site\\/templates\\/inc\\/footer.inc\",\"hash\":\"623e688f290443115e6a1beedaca2dd4\",\"size\":669,\"time\":1555024894,\"ns\":\"\\\\\"},\"target\":{\"file\":\"\\/var\\/www\\/vhosts\\/lernpraxis-evo.at\\/httpdocs\\/site\\/assets\\/cache\\/FileCompiler\\/site\\/templates\\/inc\\/footer.inc\",\"hash\":\"623e688f290443115e6a1beedaca2dd4\",\"size\":669,\"time\":1555024894}}', '2010-04-08 03:10:10');
INSERT INTO `caches` (`name`, `data`, `expires`) VALUES('FileCompiler__de9f5a2e8f8ac80070160e5601b2dccb', '{\"source\":{\"file\":\"\\/var\\/www\\/vhosts\\/lernpraxis-evo.at\\/httpdocs\\/site\\/modules\\/WireMailPHPMailer\\/phpmailer\\/PHPMailerAutoload.php\",\"hash\":\"afa2b6a11650a9ea43052e9a35429747\",\"size\":1689,\"time\":1555281866,\"ns\":\"\\\\\"},\"target\":{\"file\":\"\\/var\\/www\\/vhosts\\/lernpraxis-evo.at\\/httpdocs\\/site\\/assets\\/cache\\/FileCompiler\\/site\\/modules\\/WireMailPHPMailer\\/phpmailer\\/PHPMailerAutoload.php\",\"hash\":\"f7e034bc97056d50e97e46454696545f\",\"size\":1981,\"time\":1555281866}}', '2010-04-08 03:10:10');
INSERT INTO `caches` (`name`, `data`, `expires`) VALUES('FileCompiler__a3b42fa84f9cd961477393968affe7fe', '{\"source\":{\"file\":\"\\/var\\/www\\/vhosts\\/lernpraxis-evo.at\\/httpdocs\\/site\\/templates\\/mail_handler.php\",\"hash\":\"2137fa6110f562efd241e7e0979cf437\",\"size\":633,\"time\":1555281602,\"ns\":\"\\\\\"},\"target\":{\"file\":\"\\/var\\/www\\/vhosts\\/lernpraxis-evo.at\\/httpdocs\\/site\\/assets\\/cache\\/FileCompiler\\/site\\/templates\\/mail_handler.php\",\"hash\":\"7a25b8c793d97297d39fb6cc5955f8d7\",\"size\":646,\"time\":1555281602}}', '2010-04-08 03:10:10');
INSERT INTO `caches` (`name`, `data`, `expires`) VALUES('FileCompiler__b92217c9c8e90fc0a34dedde435d1d64', '{\"source\":{\"file\":\"\\/var\\/www\\/vhosts\\/lernpraxis-evo.at\\/httpdocs\\/site\\/modules\\/WireMailPHPMailer\\/WireMailPHPMailer.module\",\"hash\":\"7125c80e149a2c13a473dfe825cddfbe\",\"size\":31556,\"time\":1555281864,\"ns\":\"\\\\\"},\"target\":{\"file\":\"\\/var\\/www\\/vhosts\\/lernpraxis-evo.at\\/httpdocs\\/site\\/assets\\/cache\\/FileCompiler\\/site\\/modules\\/WireMailPHPMailer\\/WireMailPHPMailer.module\",\"hash\":\"605c0a7538600ddb1e50e9e821c130e4\",\"size\":32568,\"time\":1555281864}}', '2010-04-08 03:10:10');
INSERT INTO `caches` (`name`, `data`, `expires`) VALUES('FileCompiler__b1732627cd12c40ceadfcacc4348ac07', '{\"source\":{\"file\":\"\\/var\\/www\\/vhosts\\/lernpraxis-evo.at\\/httpdocs\\/site\\/modules\\/WireMailPHPMailer\\/phpmailer\\/class.phpmailer.php\",\"hash\":\"bbedafbc452cb88b9aee343a1f53c871\",\"size\":146762,\"time\":1555281865,\"ns\":\"\\\\\"},\"target\":{\"file\":\"\\/var\\/www\\/vhosts\\/lernpraxis-evo.at\\/httpdocs\\/site\\/assets\\/cache\\/FileCompiler\\/site\\/modules\\/WireMailPHPMailer\\/phpmailer\\/class.phpmailer.php\",\"hash\":\"bb7674a386d27f1d5575846b99715041\",\"size\":146993,\"time\":1555281865}}', '2010-04-08 03:10:10');
INSERT INTO `caches` (`name`, `data`, `expires`) VALUES('FileCompiler__6db4ff5f07f2b78c3e1b3c7a8e335f3f', '{\"source\":{\"file\":\"\\/var\\/www\\/vhosts\\/lernpraxis-evo.at\\/httpdocs\\/site\\/modules\\/WireMailPHPMailer\\/phpmailer\\/class.smtp.php\",\"hash\":\"7be66313a802d2eaa13e43423d645797\",\"size\":42430,\"time\":1555281865,\"ns\":\"\\\\\"},\"target\":{\"file\":\"\\/var\\/www\\/vhosts\\/lernpraxis-evo.at\\/httpdocs\\/site\\/assets\\/cache\\/FileCompiler\\/site\\/modules\\/WireMailPHPMailer\\/phpmailer\\/class.smtp.php\",\"hash\":\"2a94c9960c0fd17cff52c5bcfeffa303\",\"size\":42537,\"time\":1555281865}}', '2010-04-08 03:10:10');
INSERT INTO `caches` (`name`, `data`, `expires`) VALUES('FileCompiler__c157aeb8238cae7da6d9fcabd637297c', '{\"source\":{\"file\":\"\\/var\\/www\\/vhosts\\/lernpraxis-evo.at\\/httpdocs\\/site\\/modules\\/Duplicator\\/Duplicator.module\",\"hash\":\"e27f6a1a5354409e450fd940fdc22133\",\"size\":67007,\"time\":1589870612,\"ns\":\"\\\\\"},\"target\":{\"file\":\"\\/var\\/www\\/vhosts\\/lernpraxis-evo.at\\/httpdocs\\/site\\/assets\\/cache\\/FileCompiler\\/site\\/modules\\/Duplicator\\/Duplicator.module\",\"hash\":\"d38c2a5af50f3ed2ce7fdf4017250acf\",\"size\":70753,\"time\":1589870612}}', '2010-04-08 03:10:10');
INSERT INTO `caches` (`name`, `data`, `expires`) VALUES('FileCompiler__67daf48f142f6f890a2fa5293a83c6e5', '{\"source\":{\"file\":\"\\/var\\/www\\/vhosts\\/lernpraxis-evo.at\\/httpdocs\\/site\\/modules\\/Duplicator\\/Classes\\/DupUtil.php\",\"hash\":\"d6a2e4d9f1815df7679a46b2498c4c87\",\"size\":8645,\"time\":1589870612,\"ns\":\"\\\\\"},\"target\":{\"file\":\"\\/var\\/www\\/vhosts\\/lernpraxis-evo.at\\/httpdocs\\/site\\/assets\\/cache\\/FileCompiler\\/site\\/modules\\/Duplicator\\/Classes\\/DupUtil.php\",\"hash\":\"5aafcfabb3b48b69bc3e8e132be325f7\",\"size\":8684,\"time\":1589870612}}', '2010-04-08 03:10:10');
INSERT INTO `caches` (`name`, `data`, `expires`) VALUES('FileCompiler__a1b14191657f27a867db16548c57e176', '{\"source\":{\"file\":\"\\/var\\/www\\/vhosts\\/lernpraxis-evo.at\\/httpdocs\\/site\\/modules\\/Duplicator\\/Classes\\/DupLogs.php\",\"hash\":\"bf05a996f3b205ac1e535e118899d01b\",\"size\":1413,\"time\":1589870612,\"ns\":\"\\\\\"},\"target\":{\"file\":\"\\/var\\/www\\/vhosts\\/lernpraxis-evo.at\\/httpdocs\\/site\\/assets\\/cache\\/FileCompiler\\/site\\/modules\\/Duplicator\\/Classes\\/DupLogs.php\",\"hash\":\"4cdce8a4606dabcfd7700b9272883aa5\",\"size\":1491,\"time\":1589870612}}', '2010-04-08 03:10:10');
INSERT INTO `caches` (`name`, `data`, `expires`) VALUES('FileCompiler__74cf84537fb2f52e9613f208116d2e80', '{\"source\":{\"file\":\"\\/var\\/www\\/vhosts\\/lernpraxis-evo.at\\/httpdocs\\/site\\/modules\\/Duplicator\\/Classes\\/BackupDatabase.php\",\"hash\":\"f8ef48a73ab0a102eb1f2c71f06fe2e6\",\"size\":2118,\"time\":1589870612,\"ns\":\"\\\\\"},\"target\":{\"file\":\"\\/var\\/www\\/vhosts\\/lernpraxis-evo.at\\/httpdocs\\/site\\/assets\\/cache\\/FileCompiler\\/site\\/modules\\/Duplicator\\/Classes\\/BackupDatabase.php\",\"hash\":\"64fbc5f8fab4346d7263db714cf05697\",\"size\":2157,\"time\":1589870612}}', '2010-04-08 03:10:10');
INSERT INTO `caches` (`name`, `data`, `expires`) VALUES('FileCompiler__fcf6351c2059371d12d3ed2519b15a4a', '{\"source\":{\"file\":\"\\/var\\/www\\/vhosts\\/lernpraxis-evo.at\\/httpdocs\\/site\\/modules\\/Duplicator\\/ProcessDuplicator.module\",\"hash\":\"06ceda2df1fd62466a308f7d196fc56e\",\"size\":21501,\"time\":1589870612,\"ns\":\"\\\\\"},\"target\":{\"file\":\"\\/var\\/www\\/vhosts\\/lernpraxis-evo.at\\/httpdocs\\/site\\/assets\\/cache\\/FileCompiler\\/site\\/modules\\/Duplicator\\/ProcessDuplicator.module\",\"hash\":\"2476b5db1b7c1539854872b1642897c0\",\"size\":22606,\"time\":1589870612}}', '2010-04-08 03:10:10');
INSERT INTO `caches` (`name`, `data`, `expires`) VALUES('Modules.info', '{\"139\":{\"name\":\"SystemUpdater\",\"title\":\"System Updater\",\"version\":16,\"singular\":true,\"created\":1554652088,\"configurable\":3,\"namespace\":\"ProcessWire\\\\\",\"permanent\":true},\"98\":{\"name\":\"MarkupPagerNav\",\"title\":\"Pager (Pagination) Navigation\",\"version\":105,\"created\":1554652088,\"namespace\":\"ProcessWire\\\\\"},\"113\":{\"name\":\"MarkupPageArray\",\"title\":\"PageArray Markup\",\"version\":100,\"autoload\":true,\"singular\":true,\"created\":1554652088,\"namespace\":\"ProcessWire\\\\\"},\"67\":{\"name\":\"MarkupAdminDataTable\",\"title\":\"Admin Data Table\",\"version\":107,\"created\":1554652088,\"namespace\":\"ProcessWire\\\\\",\"permanent\":true},\"156\":{\"name\":\"MarkupHTMLPurifier\",\"title\":\"HTML Purifier\",\"version\":492,\"created\":1554652088,\"namespace\":\"ProcessWire\\\\\"},\"61\":{\"name\":\"TextformatterEntities\",\"title\":\"HTML Entity Encoder (htmlspecialchars)\",\"version\":100,\"created\":1554652088,\"namespace\":\"ProcessWire\\\\\"},\"135\":{\"name\":\"FieldtypeURL\",\"title\":\"URL\",\"version\":101,\"singular\":1,\"created\":1554652088,\"namespace\":\"ProcessWire\\\\\",\"permanent\":true},\"111\":{\"name\":\"FieldtypePageTitle\",\"title\":\"Page Title\",\"version\":100,\"singular\":true,\"created\":1554652088,\"namespace\":\"ProcessWire\\\\\",\"permanent\":true},\"4\":{\"name\":\"FieldtypePage\",\"title\":\"Page Reference\",\"version\":105,\"created\":1554652088,\"configurable\":3,\"namespace\":\"ProcessWire\\\\\",\"permanent\":true},\"97\":{\"name\":\"FieldtypeCheckbox\",\"title\":\"Checkbox\",\"version\":101,\"singular\":1,\"created\":1554652088,\"namespace\":\"ProcessWire\\\\\",\"permanent\":true},\"28\":{\"name\":\"FieldtypeDatetime\",\"title\":\"Datetime\",\"version\":104,\"created\":1554652088,\"namespace\":\"ProcessWire\\\\\"},\"3\":{\"name\":\"FieldtypeText\",\"title\":\"Text\",\"version\":100,\"created\":1554652088,\"namespace\":\"ProcessWire\\\\\",\"permanent\":true},\"133\":{\"name\":\"FieldtypePassword\",\"title\":\"Password\",\"version\":101,\"singular\":true,\"created\":1554652088,\"namespace\":\"ProcessWire\\\\\",\"permanent\":true},\"105\":{\"name\":\"FieldtypeFieldsetOpen\",\"title\":\"Fieldset (Open)\",\"version\":101,\"singular\":1,\"created\":1554652088,\"namespace\":\"ProcessWire\\\\\",\"permanent\":true},\"6\":{\"name\":\"FieldtypeFile\",\"title\":\"Files\",\"version\":105,\"created\":1554652088,\"namespace\":\"ProcessWire\\\\\",\"permanent\":true},\"106\":{\"name\":\"FieldtypeFieldsetClose\",\"title\":\"Fieldset (Close)\",\"version\":100,\"singular\":1,\"created\":1554652088,\"namespace\":\"ProcessWire\\\\\",\"permanent\":true},\"84\":{\"name\":\"FieldtypeInteger\",\"title\":\"Integer\",\"version\":101,\"created\":1554652088,\"namespace\":\"ProcessWire\\\\\",\"permanent\":true},\"89\":{\"name\":\"FieldtypeFloat\",\"title\":\"Float\",\"version\":105,\"singular\":1,\"created\":1554652088,\"namespace\":\"ProcessWire\\\\\",\"permanent\":true},\"107\":{\"name\":\"FieldtypeFieldsetTabOpen\",\"title\":\"Fieldset in Tab (Open)\",\"version\":100,\"singular\":1,\"created\":1554652088,\"namespace\":\"ProcessWire\\\\\",\"permanent\":true},\"27\":{\"name\":\"FieldtypeModule\",\"title\":\"Module Reference\",\"version\":101,\"created\":1554652088,\"namespace\":\"ProcessWire\\\\\",\"permanent\":true},\"1\":{\"name\":\"FieldtypeTextarea\",\"title\":\"Textarea\",\"version\":107,\"created\":1554652088,\"namespace\":\"ProcessWire\\\\\",\"permanent\":true},\"57\":{\"name\":\"FieldtypeImage\",\"title\":\"Images\",\"version\":101,\"created\":1554652088,\"namespace\":\"ProcessWire\\\\\",\"permanent\":true},\"29\":{\"name\":\"FieldtypeEmail\",\"title\":\"E-Mail\",\"version\":100,\"created\":1554652088,\"namespace\":\"ProcessWire\\\\\"},\"115\":{\"name\":\"PageRender\",\"title\":\"Page Render\",\"version\":105,\"autoload\":true,\"singular\":true,\"created\":1554652088,\"configurable\":3,\"namespace\":\"ProcessWire\\\\\",\"permanent\":true},\"25\":{\"name\":\"InputfieldAsmSelect\",\"title\":\"asmSelect\",\"version\":121,\"created\":1554652088,\"namespace\":\"ProcessWire\\\\\",\"permanent\":true},\"41\":{\"name\":\"InputfieldName\",\"title\":\"Name\",\"version\":100,\"created\":1554652088,\"namespace\":\"ProcessWire\\\\\",\"permanent\":true},\"85\":{\"name\":\"InputfieldInteger\",\"title\":\"Integer\",\"version\":104,\"created\":1554652088,\"namespace\":\"ProcessWire\\\\\",\"permanent\":true},\"15\":{\"name\":\"InputfieldPageListSelect\",\"title\":\"Page List Select\",\"version\":101,\"created\":1554652088,\"namespace\":\"ProcessWire\\\\\",\"permanent\":true},\"137\":{\"name\":\"InputfieldPageListSelectMultiple\",\"title\":\"Page List Select Multiple\",\"version\":102,\"created\":1554652088,\"namespace\":\"ProcessWire\\\\\",\"permanent\":true},\"37\":{\"name\":\"InputfieldCheckbox\",\"title\":\"Checkbox\",\"version\":105,\"created\":1554652088,\"namespace\":\"ProcessWire\\\\\",\"permanent\":true},\"55\":{\"name\":\"InputfieldFile\",\"title\":\"Files\",\"version\":125,\"created\":1554652088,\"namespace\":\"ProcessWire\\\\\",\"permanent\":true},\"162\":{\"name\":\"InputfieldIcon\",\"title\":\"Icon\",\"version\":2,\"created\":1554652197,\"namespace\":\"ProcessWire\\\\\"},\"38\":{\"name\":\"InputfieldCheckboxes\",\"title\":\"Checkboxes\",\"version\":107,\"created\":1554652088,\"namespace\":\"ProcessWire\\\\\",\"permanent\":true},\"79\":{\"name\":\"InputfieldMarkup\",\"title\":\"Markup\",\"version\":102,\"created\":1554652088,\"namespace\":\"ProcessWire\\\\\",\"permanent\":true},\"108\":{\"name\":\"InputfieldURL\",\"title\":\"URL\",\"version\":102,\"created\":1554652088,\"namespace\":\"ProcessWire\\\\\"},\"43\":{\"name\":\"InputfieldSelectMultiple\",\"title\":\"Select Multiple\",\"version\":101,\"created\":1554652088,\"namespace\":\"ProcessWire\\\\\",\"permanent\":true},\"80\":{\"name\":\"InputfieldEmail\",\"title\":\"Email\",\"version\":101,\"created\":1554652088,\"namespace\":\"ProcessWire\\\\\"},\"60\":{\"name\":\"InputfieldPage\",\"title\":\"Page\",\"version\":107,\"created\":1554652088,\"configurable\":3,\"namespace\":\"ProcessWire\\\\\",\"permanent\":true},\"30\":{\"name\":\"InputfieldForm\",\"title\":\"Form\",\"version\":107,\"created\":1554652088,\"namespace\":\"ProcessWire\\\\\",\"permanent\":true},\"131\":{\"name\":\"InputfieldButton\",\"title\":\"Button\",\"version\":100,\"created\":1554652088,\"namespace\":\"ProcessWire\\\\\",\"permanent\":true},\"40\":{\"name\":\"InputfieldHidden\",\"title\":\"Hidden\",\"version\":101,\"created\":1554652088,\"namespace\":\"ProcessWire\\\\\",\"permanent\":true},\"32\":{\"name\":\"InputfieldSubmit\",\"title\":\"Submit\",\"version\":102,\"created\":1554652088,\"namespace\":\"ProcessWire\\\\\",\"permanent\":true},\"122\":{\"name\":\"InputfieldPassword\",\"title\":\"Password\",\"version\":102,\"created\":1554652088,\"namespace\":\"ProcessWire\\\\\",\"permanent\":true},\"112\":{\"name\":\"InputfieldPageTitle\",\"title\":\"Page Title\",\"version\":102,\"created\":1554652088,\"namespace\":\"ProcessWire\\\\\",\"permanent\":true},\"35\":{\"name\":\"InputfieldTextarea\",\"title\":\"Textarea\",\"version\":103,\"created\":1554652088,\"namespace\":\"ProcessWire\\\\\",\"permanent\":true},\"149\":{\"name\":\"InputfieldSelector\",\"title\":\"Selector\",\"version\":27,\"autoload\":\"template=admin\",\"created\":1554652088,\"configurable\":3,\"namespace\":\"ProcessWire\\\\\",\"addFlag\":32},\"94\":{\"name\":\"InputfieldDatetime\",\"title\":\"Datetime\",\"version\":106,\"created\":1554652088,\"namespace\":\"ProcessWire\\\\\",\"permanent\":true},\"56\":{\"name\":\"InputfieldImage\",\"title\":\"Images\",\"version\":122,\"created\":1554652088,\"namespace\":\"ProcessWire\\\\\",\"permanent\":true},\"36\":{\"name\":\"InputfieldSelect\",\"title\":\"Select\",\"version\":102,\"created\":1554652088,\"namespace\":\"ProcessWire\\\\\",\"permanent\":true},\"39\":{\"name\":\"InputfieldRadios\",\"title\":\"Radio Buttons\",\"version\":105,\"created\":1554652088,\"namespace\":\"ProcessWire\\\\\",\"permanent\":true},\"155\":{\"name\":\"InputfieldCKEditor\",\"title\":\"CKEditor\",\"version\":161,\"installs\":[\"MarkupHTMLPurifier\"],\"created\":1554652088,\"namespace\":\"ProcessWire\\\\\"},\"86\":{\"name\":\"InputfieldPageName\",\"title\":\"Page Name\",\"version\":106,\"created\":1554652088,\"configurable\":3,\"namespace\":\"ProcessWire\\\\\",\"permanent\":true},\"34\":{\"name\":\"InputfieldText\",\"title\":\"Text\",\"version\":106,\"created\":1554652088,\"namespace\":\"ProcessWire\\\\\",\"permanent\":true},\"78\":{\"name\":\"InputfieldFieldset\",\"title\":\"Fieldset\",\"version\":101,\"created\":1554652088,\"namespace\":\"ProcessWire\\\\\",\"permanent\":true},\"90\":{\"name\":\"InputfieldFloat\",\"title\":\"Float\",\"version\":103,\"created\":1554652088,\"namespace\":\"ProcessWire\\\\\",\"permanent\":true},\"161\":{\"name\":\"ProcessLogger\",\"title\":\"Logs\",\"version\":1,\"icon\":\"tree\",\"permission\":\"logs-view\",\"singular\":1,\"created\":1554652197,\"namespace\":\"ProcessWire\\\\\",\"useNavJSON\":true},\"66\":{\"name\":\"ProcessUser\",\"title\":\"Users\",\"version\":107,\"icon\":\"group\",\"permission\":\"user-admin\",\"created\":1554652088,\"configurable\":\"ProcessUserConfig.php\",\"namespace\":\"ProcessWire\\\\\",\"permanent\":true,\"useNavJSON\":true},\"129\":{\"name\":\"ProcessPageEditImageSelect\",\"title\":\"Page Edit Image\",\"version\":120,\"permission\":\"page-edit\",\"singular\":1,\"created\":1554652088,\"configurable\":3,\"namespace\":\"ProcessWire\\\\\",\"permanent\":true},\"121\":{\"name\":\"ProcessPageEditLink\",\"title\":\"Page Edit Link\",\"version\":108,\"icon\":\"link\",\"permission\":\"page-edit\",\"singular\":1,\"created\":1554652088,\"configurable\":3,\"namespace\":\"ProcessWire\\\\\",\"permanent\":true},\"48\":{\"name\":\"ProcessField\",\"title\":\"Fields\",\"version\":113,\"icon\":\"cube\",\"permission\":\"field-admin\",\"created\":1554652088,\"configurable\":3,\"namespace\":\"ProcessWire\\\\\",\"permanent\":true,\"useNavJSON\":true,\"addFlag\":32},\"150\":{\"name\":\"ProcessPageLister\",\"title\":\"Lister\",\"version\":24,\"icon\":\"search\",\"permission\":\"page-lister\",\"created\":1554652088,\"configurable\":true,\"namespace\":\"ProcessWire\\\\\",\"permanent\":true,\"useNavJSON\":true,\"addFlag\":32},\"7\":{\"name\":\"ProcessPageEdit\",\"title\":\"Page Edit\",\"version\":109,\"icon\":\"edit\",\"permission\":\"page-edit\",\"singular\":1,\"created\":1554652088,\"configurable\":3,\"namespace\":\"ProcessWire\\\\\",\"permanent\":true,\"useNavJSON\":true},\"14\":{\"name\":\"ProcessPageSort\",\"title\":\"Page Sort and Move\",\"version\":100,\"permission\":\"page-edit\",\"created\":1554652088,\"namespace\":\"ProcessWire\\\\\",\"permanent\":true},\"134\":{\"name\":\"ProcessPageType\",\"title\":\"Page Type\",\"version\":101,\"singular\":1,\"created\":1554652088,\"configurable\":3,\"namespace\":\"ProcessWire\\\\\",\"permanent\":true,\"useNavJSON\":true,\"addFlag\":32},\"159\":{\"name\":\"ProcessRecentPages\",\"title\":\"Recent Pages\",\"version\":2,\"icon\":\"clock-o\",\"permission\":\"page-edit-recent\",\"singular\":1,\"created\":1554652188,\"namespace\":\"ProcessWire\\\\\",\"useNavJSON\":true,\"nav\":[{\"url\":\"?edited=1\",\"label\":\"Edited\",\"icon\":\"users\",\"navJSON\":\"navJSON\\/?edited=1\"},{\"url\":\"?added=1\",\"label\":\"Created\",\"icon\":\"users\",\"navJSON\":\"navJSON\\/?added=1\"},{\"url\":\"?edited=1&me=1\",\"label\":\"Edited by me\",\"icon\":\"user\",\"navJSON\":\"navJSON\\/?edited=1&me=1\"},{\"url\":\"?added=1&me=1\",\"label\":\"Created by me\",\"icon\":\"user\",\"navJSON\":\"navJSON\\/?added=1&me=1\"},{\"url\":\"another\\/\",\"label\":\"Add another\",\"icon\":\"plus-circle\",\"navJSON\":\"anotherNavJSON\\/\"}]},\"50\":{\"name\":\"ProcessModule\",\"title\":\"Modules\",\"version\":118,\"permission\":\"module-admin\",\"created\":1554652088,\"namespace\":\"ProcessWire\\\\\",\"permanent\":true,\"useNavJSON\":true,\"nav\":[{\"url\":\"?site#tab_site_modules\",\"label\":\"Site\",\"icon\":\"plug\",\"navJSON\":\"navJSON\\/?site=1\"},{\"url\":\"?core#tab_core_modules\",\"label\":\"Core\",\"icon\":\"plug\",\"navJSON\":\"navJSON\\/?core=1\"},{\"url\":\"?configurable#tab_configurable_modules\",\"label\":\"Configure\",\"icon\":\"gear\",\"navJSON\":\"navJSON\\/?configurable=1\"},{\"url\":\"?install#tab_install_modules\",\"label\":\"Install\",\"icon\":\"sign-in\",\"navJSON\":\"navJSON\\/?install=1\"},{\"url\":\"?new#tab_new_modules\",\"label\":\"New\",\"icon\":\"plus\"},{\"url\":\"?reset=1\",\"label\":\"Refresh\",\"icon\":\"refresh\"}]},\"138\":{\"name\":\"ProcessProfile\",\"title\":\"User Profile\",\"version\":104,\"permission\":\"profile-edit\",\"singular\":1,\"created\":1554652088,\"configurable\":3,\"namespace\":\"ProcessWire\\\\\",\"permanent\":true},\"104\":{\"name\":\"ProcessPageSearch\",\"title\":\"Page Search\",\"version\":106,\"permission\":\"page-edit\",\"singular\":1,\"created\":1554652088,\"configurable\":3,\"namespace\":\"ProcessWire\\\\\",\"permanent\":true},\"83\":{\"name\":\"ProcessPageView\",\"title\":\"Page View\",\"version\":104,\"permission\":\"page-view\",\"created\":1554652088,\"namespace\":\"ProcessWire\\\\\",\"permanent\":true},\"68\":{\"name\":\"ProcessRole\",\"title\":\"Roles\",\"version\":104,\"icon\":\"gears\",\"permission\":\"role-admin\",\"created\":1554652088,\"configurable\":3,\"namespace\":\"ProcessWire\\\\\",\"permanent\":true,\"useNavJSON\":true},\"109\":{\"name\":\"ProcessPageTrash\",\"title\":\"Page Trash\",\"version\":103,\"singular\":1,\"created\":1554652088,\"namespace\":\"ProcessWire\\\\\",\"permanent\":true},\"12\":{\"name\":\"ProcessPageList\",\"title\":\"Page List\",\"version\":122,\"icon\":\"sitemap\",\"permission\":\"page-edit\",\"created\":1554652088,\"configurable\":3,\"namespace\":\"ProcessWire\\\\\",\"permanent\":true,\"useNavJSON\":true},\"10\":{\"name\":\"ProcessLogin\",\"title\":\"Login\",\"version\":106,\"permission\":\"page-view\",\"created\":1554652088,\"configurable\":4,\"namespace\":\"ProcessWire\\\\\",\"permanent\":true},\"87\":{\"name\":\"ProcessHome\",\"title\":\"Admin Home\",\"version\":101,\"permission\":\"page-view\",\"created\":1554652088,\"namespace\":\"ProcessWire\\\\\",\"permanent\":true},\"17\":{\"name\":\"ProcessPageAdd\",\"title\":\"Page Add\",\"version\":108,\"icon\":\"plus-circle\",\"permission\":\"page-edit\",\"created\":1554652088,\"configurable\":3,\"namespace\":\"ProcessWire\\\\\",\"permanent\":true,\"useNavJSON\":true},\"76\":{\"name\":\"ProcessList\",\"title\":\"List\",\"version\":101,\"permission\":\"page-view\",\"created\":1554652088,\"namespace\":\"ProcessWire\\\\\",\"permanent\":true},\"47\":{\"name\":\"ProcessTemplate\",\"title\":\"Templates\",\"version\":114,\"icon\":\"cubes\",\"permission\":\"template-admin\",\"created\":1554652088,\"namespace\":\"ProcessWire\\\\\",\"permanent\":true,\"useNavJSON\":true},\"136\":{\"name\":\"ProcessPermission\",\"title\":\"Permissions\",\"version\":101,\"icon\":\"gear\",\"permission\":\"permission-admin\",\"singular\":1,\"created\":1554652088,\"configurable\":3,\"namespace\":\"ProcessWire\\\\\",\"permanent\":true,\"useNavJSON\":true},\"114\":{\"name\":\"PagePermissions\",\"title\":\"Page Permissions\",\"version\":105,\"autoload\":true,\"singular\":true,\"created\":1554652088,\"namespace\":\"ProcessWire\\\\\",\"permanent\":true},\"125\":{\"name\":\"SessionLoginThrottle\",\"title\":\"Session Login Throttle\",\"version\":103,\"autoload\":\"function\",\"singular\":true,\"created\":1554652088,\"configurable\":3,\"namespace\":\"ProcessWire\\\\\"},\"160\":{\"name\":\"AdminThemeUikit\",\"title\":\"Uikit\",\"version\":30,\"requiresVersions\":{\"ProcessWire\":[\">=\",\"3.0.100\"]},\"autoload\":\"template=admin\",\"created\":1554652188,\"configurable\":4,\"namespace\":\"ProcessWire\\\\\"},\"148\":{\"name\":\"AdminThemeDefault\",\"title\":\"Default\",\"version\":14,\"autoload\":\"template=admin\",\"created\":1554652088,\"configurable\":19,\"namespace\":\"ProcessWire\\\\\"},\"116\":{\"name\":\"JqueryCore\",\"title\":\"jQuery Core\",\"version\":183,\"singular\":true,\"created\":1554652088,\"namespace\":\"ProcessWire\\\\\",\"permanent\":true},\"151\":{\"name\":\"JqueryMagnific\",\"title\":\"jQuery Magnific Popup\",\"version\":1,\"singular\":true,\"created\":1554652088,\"namespace\":\"ProcessWire\\\\\"},\"103\":{\"name\":\"JqueryTableSorter\",\"title\":\"jQuery Table Sorter Plugin\",\"version\":221,\"singular\":1,\"created\":1554652088,\"namespace\":\"ProcessWire\\\\\"},\"117\":{\"name\":\"JqueryUI\",\"title\":\"jQuery UI\",\"version\":196,\"singular\":true,\"created\":1554652088,\"namespace\":\"ProcessWire\\\\\",\"permanent\":true},\"45\":{\"name\":\"JqueryWireTabs\",\"title\":\"jQuery Wire Tabs Plugin\",\"version\":109,\"created\":1554652088,\"configurable\":3,\"namespace\":\"ProcessWire\\\\\",\"permanent\":true},\"170\":{\"name\":\"ProcessDatabaseBackups\",\"title\":\"Database Backups\",\"version\":5,\"icon\":\"database\",\"requiresVersions\":{\"ProcessWire\":[\">=\",\"3.0.62\"]},\"permission\":\"db-backup\",\"singular\":1,\"created\":1589870733,\"nav\":[{\"url\":\".\\/\",\"label\":\"View\",\"icon\":\"list\"},{\"url\":\"backup\\/\",\"label\":\"Backup\",\"icon\":\"plus-circle\"},{\"url\":\"upload\\/\",\"label\":\"Upload\",\"icon\":\"cloud-upload\"}]},\"166\":{\"name\":\"ProtectedMode\",\"title\":\"Protected Mode\",\"version\":\"1.1.0\",\"icon\":\"key\",\"autoload\":true,\"singular\":true,\"created\":1554652908,\"configurable\":3,\"namespace\":\"\\\\\"},\"163\":{\"name\":\"JqueryDataTables\",\"title\":\"jQuery DataTables Plugin\",\"version\":194,\"singular\":true,\"created\":1554652286,\"namespace\":\"\\\\\"},\"164\":{\"name\":\"ModulesManager\",\"title\":\"Modules Manager\",\"version\":216,\"requiresVersions\":{\"JqueryDataTables\":[\">=\",0]},\"permission\":\"modules-manager\",\"singular\":true,\"created\":1554652316,\"configurable\":true,\"namespace\":\"\\\\\"},\"168\":{\"name\":\"WireMailPHPMailer\",\"title\":\"WireMailPHPMailer\",\"version\":7,\"icon\":\"envelope-o\",\"created\":1555281891,\"configurable\":true,\"namespace\":\"\\\\\"},\"169\":{\"name\":\"Duplicator\",\"title\":\"Duplicator\",\"version\":\"1.3.15\",\"icon\":\"clone\",\"autoload\":\"function\",\"singular\":true,\"created\":1589870615,\"configurable\":true,\"namespace\":\"\\\\\"}}', '2010-04-08 03:10:10');

DROP TABLE IF EXISTS `field_admin_theme`;
CREATE TABLE `field_admin_theme` (
  `pages_id` int(10) unsigned NOT NULL,
  `data` int(11) NOT NULL,
  PRIMARY KEY (`pages_id`),
  KEY `data` (`data`)
) ENGINE=MyISAM DEFAULT CHARSET=utf8;


DROP TABLE IF EXISTS `field_email`;
CREATE TABLE `field_email` (
  `pages_id` int(10) unsigned NOT NULL,
  `data` varchar(250) NOT NULL DEFAULT '',
  PRIMARY KEY (`pages_id`),
  KEY `data_exact` (`data`),
  FULLTEXT KEY `data` (`data`)
) ENGINE=MyISAM DEFAULT CHARSET=utf8;

INSERT INTO `field_email` (`pages_id`, `data`) VALUES('41', 'albert.polletta@gmail.com');

DROP TABLE IF EXISTS `field_logo_head`;
CREATE TABLE `field_logo_head` (
  `pages_id` int(10) unsigned NOT NULL,
  `data` varchar(250) NOT NULL,
  `sort` int(10) unsigned NOT NULL,
  `description` text NOT NULL,
  `modified` datetime DEFAULT NULL,
  `created` datetime DEFAULT NULL,
  `filedata` mediumtext,
  PRIMARY KEY (`pages_id`,`sort`),
  KEY `data` (`data`),
  KEY `modified` (`modified`),
  KEY `created` (`created`),
  FULLTEXT KEY `description` (`description`),
  FULLTEXT KEY `filedata` (`filedata`)
) ENGINE=MyISAM DEFAULT CHARSET=utf8;

INSERT INTO `field_logo_head` (`pages_id`, `data`, `sort`, `description`, `modified`, `created`, `filedata`) VALUES('1', '400dpilogo.png', '0', '', '2019-04-11 23:28:19', '2019-04-11 23:28:19', '');

DROP TABLE IF EXISTS `field_pass`;
CREATE TABLE `field_pass` (
  `pages_id` int(10) unsigned NOT NULL,
  `data` char(40) NOT NULL,
  `salt` char(32) NOT NULL,
  PRIMARY KEY (`pages_id`),
  KEY `data` (`data`)
) ENGINE=MyISAM DEFAULT CHARSET=ascii;

INSERT INTO `field_pass` (`pages_id`, `data`, `salt`) VALUES('41', 'QG4TAcig1pO/VVfiNc7miGBauER52Mu', '$2y$11$4.NHl.NuW0FoOoQyF0V.9u');
INSERT INTO `field_pass` (`pages_id`, `data`, `salt`) VALUES('40', '', '');

DROP TABLE IF EXISTS `field_permissions`;
CREATE TABLE `field_permissions` (
  `pages_id` int(10) unsigned NOT NULL,
  `data` int(11) NOT NULL,
  `sort` int(10) unsigned NOT NULL,
  PRIMARY KEY (`pages_id`,`sort`),
  KEY `data` (`data`,`pages_id`,`sort`)
) ENGINE=MyISAM DEFAULT CHARSET=utf8;

INSERT INTO `field_permissions` (`pages_id`, `data`, `sort`) VALUES('38', '32', '1');
INSERT INTO `field_permissions` (`pages_id`, `data`, `sort`) VALUES('38', '34', '2');
INSERT INTO `field_permissions` (`pages_id`, `data`, `sort`) VALUES('38', '35', '3');
INSERT INTO `field_permissions` (`pages_id`, `data`, `sort`) VALUES('37', '36', '0');
INSERT INTO `field_permissions` (`pages_id`, `data`, `sort`) VALUES('38', '36', '0');
INSERT INTO `field_permissions` (`pages_id`, `data`, `sort`) VALUES('38', '50', '4');
INSERT INTO `field_permissions` (`pages_id`, `data`, `sort`) VALUES('38', '51', '5');
INSERT INTO `field_permissions` (`pages_id`, `data`, `sort`) VALUES('38', '52', '7');
INSERT INTO `field_permissions` (`pages_id`, `data`, `sort`) VALUES('38', '53', '8');
INSERT INTO `field_permissions` (`pages_id`, `data`, `sort`) VALUES('38', '54', '6');

DROP TABLE IF EXISTS `field_pics`;
CREATE TABLE `field_pics` (
  `pages_id` int(10) unsigned NOT NULL,
  `data` varchar(250) NOT NULL,
  `sort` int(10) unsigned NOT NULL,
  `description` text NOT NULL,
  `modified` datetime DEFAULT NULL,
  `created` datetime DEFAULT NULL,
  `filedata` mediumtext,
  PRIMARY KEY (`pages_id`,`sort`),
  KEY `data` (`data`),
  KEY `modified` (`modified`),
  KEY `created` (`created`),
  FULLTEXT KEY `description` (`description`),
  FULLTEXT KEY `filedata` (`filedata`)
) ENGINE=MyISAM DEFAULT CHARSET=utf8;

INSERT INTO `field_pics` (`pages_id`, `data`, `sort`, `description`, `modified`, `created`, `filedata`) VALUES('1', 'image-1.png', '2', '', '2019-04-12 00:46:21', '2019-04-12 00:46:21', '');
INSERT INTO `field_pics` (`pages_id`, `data`, `sort`, `description`, `modified`, `created`, `filedata`) VALUES('1', 'image.png', '1', '', '2019-04-12 00:46:21', '2019-04-12 00:46:21', '');
INSERT INTO `field_pics` (`pages_id`, `data`, `sort`, `description`, `modified`, `created`, `filedata`) VALUES('1', '400dpilogo-1.png', '0', '', '2019-04-11 23:50:56', '2019-04-11 23:50:56', '');

DROP TABLE IF EXISTS `field_process`;
CREATE TABLE `field_process` (
  `pages_id` int(11) NOT NULL DEFAULT '0',
  `data` int(11) NOT NULL DEFAULT '0',
  PRIMARY KEY (`pages_id`),
  KEY `data` (`data`)
) ENGINE=MyISAM DEFAULT CHARSET=utf8;

INSERT INTO `field_process` (`pages_id`, `data`) VALUES('6', '17');
INSERT INTO `field_process` (`pages_id`, `data`) VALUES('3', '12');
INSERT INTO `field_process` (`pages_id`, `data`) VALUES('8', '12');
INSERT INTO `field_process` (`pages_id`, `data`) VALUES('9', '14');
INSERT INTO `field_process` (`pages_id`, `data`) VALUES('10', '7');
INSERT INTO `field_process` (`pages_id`, `data`) VALUES('11', '47');
INSERT INTO `field_process` (`pages_id`, `data`) VALUES('16', '48');
INSERT INTO `field_process` (`pages_id`, `data`) VALUES('300', '104');
INSERT INTO `field_process` (`pages_id`, `data`) VALUES('21', '50');
INSERT INTO `field_process` (`pages_id`, `data`) VALUES('29', '66');
INSERT INTO `field_process` (`pages_id`, `data`) VALUES('23', '10');
INSERT INTO `field_process` (`pages_id`, `data`) VALUES('304', '138');
INSERT INTO `field_process` (`pages_id`, `data`) VALUES('31', '136');
INSERT INTO `field_process` (`pages_id`, `data`) VALUES('22', '76');
INSERT INTO `field_process` (`pages_id`, `data`) VALUES('30', '68');
INSERT INTO `field_process` (`pages_id`, `data`) VALUES('303', '129');
INSERT INTO `field_process` (`pages_id`, `data`) VALUES('2', '87');
INSERT INTO `field_process` (`pages_id`, `data`) VALUES('302', '121');
INSERT INTO `field_process` (`pages_id`, `data`) VALUES('301', '109');
INSERT INTO `field_process` (`pages_id`, `data`) VALUES('28', '76');
INSERT INTO `field_process` (`pages_id`, `data`) VALUES('1007', '150');
INSERT INTO `field_process` (`pages_id`, `data`) VALUES('1010', '159');
INSERT INTO `field_process` (`pages_id`, `data`) VALUES('1012', '161');
INSERT INTO `field_process` (`pages_id`, `data`) VALUES('1015', '164');
INSERT INTO `field_process` (`pages_id`, `data`) VALUES('1020', '170');

DROP TABLE IF EXISTS `field_roles`;
CREATE TABLE `field_roles` (
  `pages_id` int(10) unsigned NOT NULL,
  `data` int(11) NOT NULL,
  `sort` int(10) unsigned NOT NULL,
  PRIMARY KEY (`pages_id`,`sort`),
  KEY `data` (`data`,`pages_id`,`sort`)
) ENGINE=MyISAM DEFAULT CHARSET=utf8;

INSERT INTO `field_roles` (`pages_id`, `data`, `sort`) VALUES('40', '37', '0');
INSERT INTO `field_roles` (`pages_id`, `data`, `sort`) VALUES('41', '37', '0');
INSERT INTO `field_roles` (`pages_id`, `data`, `sort`) VALUES('41', '38', '2');

DROP TABLE IF EXISTS `field_text`;
CREATE TABLE `field_text` (
  `pages_id` int(10) unsigned NOT NULL,
  `data` mediumtext NOT NULL,
  PRIMARY KEY (`pages_id`),
  KEY `data_exact` (`data`(250)),
  FULLTEXT KEY `data` (`data`)
) ENGINE=MyISAM DEFAULT CHARSET=utf8;

INSERT INTO `field_text` (`pages_id`, `data`) VALUES('1', '<p><img alt=\"logo\" class=\"align_center\"	src=\"/site/assets/files/1/400dpilogo-1.700x0-is.png\" width=\"700\" /></p>\n\n<p>WAS WRE, <strong>WENN LERNEN GANZ VON SELBST GINGE?</strong></p>\n\n<p>Ich liebe es, mit Menschen zu arbeiten. Vor allem aber liebe ich meine zwei wundervollen Tchter, die mir die Tr zur Kinderwelt geffnet und Nahe gebracht haben. Dank ihnen bin ich zur Evolutionspdagogik gekommen, in der ich meine Erfllung gefunden habe. Warum? Die Schwerpunkte und Ziele der Evolutionspdagogik stimmen mit meinen persnlichen Wertvorstellungen im Leben berein.</p>\n\n<p><strong>Es gibt nichts Wichtigeres im Leben als ein glckliches Kind!</strong></p>\n\n<p>Die Strke der Evolutionspdagogik liegt in ihrer Einfachheit. Der Mensch und dessen Entstehung stehen im Mittelpunkt. Die Evolutionspdagogik benutzt in erster Linie die evolutiven Entwicklungsschbe der Lebewesen, die sowohl im Gehirn als auch im Krper gespeichert sind. Bei Stress (Blockade) sendet das Gehirn dem Krper Signale und zeigt sich im krperlichen und geistigen Ungleichgewicht. Probleme, Verhaltensmuster und Defizite knnen somit gezielt aufgedeckt und Talente und Fhigkeiten gefrdert werden. Die Entfaltung unserer Talente fhrt uns letztendlich zu der Antwort auf unsere Frage:</p>\n\n<p><strong>Wer bin ich und was macht mich aus?</strong></p>');

DROP TABLE IF EXISTS `field_title`;
CREATE TABLE `field_title` (
  `pages_id` int(10) unsigned NOT NULL,
  `data` text NOT NULL,
  PRIMARY KEY (`pages_id`),
  KEY `data_exact` (`data`(255)),
  FULLTEXT KEY `data` (`data`)
) ENGINE=MyISAM DEFAULT CHARSET=utf8;

INSERT INTO `field_title` (`pages_id`, `data`) VALUES('11', 'Templates');
INSERT INTO `field_title` (`pages_id`, `data`) VALUES('16', 'Fields');
INSERT INTO `field_title` (`pages_id`, `data`) VALUES('22', 'Setup');
INSERT INTO `field_title` (`pages_id`, `data`) VALUES('3', 'Pages');
INSERT INTO `field_title` (`pages_id`, `data`) VALUES('6', 'Add Page');
INSERT INTO `field_title` (`pages_id`, `data`) VALUES('8', 'Tree');
INSERT INTO `field_title` (`pages_id`, `data`) VALUES('9', 'Save Sort');
INSERT INTO `field_title` (`pages_id`, `data`) VALUES('10', 'Edit');
INSERT INTO `field_title` (`pages_id`, `data`) VALUES('21', 'Modules');
INSERT INTO `field_title` (`pages_id`, `data`) VALUES('29', 'Users');
INSERT INTO `field_title` (`pages_id`, `data`) VALUES('30', 'Roles');
INSERT INTO `field_title` (`pages_id`, `data`) VALUES('2', 'Admin');
INSERT INTO `field_title` (`pages_id`, `data`) VALUES('7', 'Trash');
INSERT INTO `field_title` (`pages_id`, `data`) VALUES('27', '404 Not Found');
INSERT INTO `field_title` (`pages_id`, `data`) VALUES('302', 'Insert Link');
INSERT INTO `field_title` (`pages_id`, `data`) VALUES('23', 'Login');
INSERT INTO `field_title` (`pages_id`, `data`) VALUES('304', 'Profile');
INSERT INTO `field_title` (`pages_id`, `data`) VALUES('301', 'Empty Trash');
INSERT INTO `field_title` (`pages_id`, `data`) VALUES('300', 'Search');
INSERT INTO `field_title` (`pages_id`, `data`) VALUES('303', 'Insert Image');
INSERT INTO `field_title` (`pages_id`, `data`) VALUES('28', 'Access');
INSERT INTO `field_title` (`pages_id`, `data`) VALUES('31', 'Permissions');
INSERT INTO `field_title` (`pages_id`, `data`) VALUES('32', 'Edit pages');
INSERT INTO `field_title` (`pages_id`, `data`) VALUES('34', 'Delete pages');
INSERT INTO `field_title` (`pages_id`, `data`) VALUES('35', 'Move pages (change parent)');
INSERT INTO `field_title` (`pages_id`, `data`) VALUES('36', 'View pages');
INSERT INTO `field_title` (`pages_id`, `data`) VALUES('50', 'Sort child pages');
INSERT INTO `field_title` (`pages_id`, `data`) VALUES('51', 'Change templates on pages');
INSERT INTO `field_title` (`pages_id`, `data`) VALUES('52', 'Administer users');
INSERT INTO `field_title` (`pages_id`, `data`) VALUES('53', 'User can update profile/password');
INSERT INTO `field_title` (`pages_id`, `data`) VALUES('54', 'Lock or unlock a page');
INSERT INTO `field_title` (`pages_id`, `data`) VALUES('1', 'Home');
INSERT INTO `field_title` (`pages_id`, `data`) VALUES('1006', 'Use Page Lister');
INSERT INTO `field_title` (`pages_id`, `data`) VALUES('1007', 'Find');
INSERT INTO `field_title` (`pages_id`, `data`) VALUES('1010', 'Recent');
INSERT INTO `field_title` (`pages_id`, `data`) VALUES('1011', 'Can see recently edited pages');
INSERT INTO `field_title` (`pages_id`, `data`) VALUES('1012', 'Logs');
INSERT INTO `field_title` (`pages_id`, `data`) VALUES('1013', 'Can view system logs');
INSERT INTO `field_title` (`pages_id`, `data`) VALUES('1014', 'Can manage system logs');
INSERT INTO `field_title` (`pages_id`, `data`) VALUES('1015', 'ModulesManager');
INSERT INTO `field_title` (`pages_id`, `data`) VALUES('1016', 'Impressum');
INSERT INTO `field_title` (`pages_id`, `data`) VALUES('1017', 'Blog - Evolutionspdagogik');
INSERT INTO `field_title` (`pages_id`, `data`) VALUES('1018', 'Kontakt');
INSERT INTO `field_title` (`pages_id`, `data`) VALUES('1019', 'mail_handler');
INSERT INTO `field_title` (`pages_id`, `data`) VALUES('1020', 'DB Backups');
INSERT INTO `field_title` (`pages_id`, `data`) VALUES('1021', 'Manage database backups (recommended for superuser only)');

DROP TABLE IF EXISTS `fieldgroups`;
CREATE TABLE `fieldgroups` (
  `id` int(10) unsigned NOT NULL AUTO_INCREMENT,
  `name` varchar(250) CHARACTER SET ascii NOT NULL,
  PRIMARY KEY (`id`),
  UNIQUE KEY `name` (`name`)
) ENGINE=MyISAM AUTO_INCREMENT=101 DEFAULT CHARSET=utf8;

INSERT INTO `fieldgroups` (`id`, `name`) VALUES('2', 'admin');
INSERT INTO `fieldgroups` (`id`, `name`) VALUES('3', 'user');
INSERT INTO `fieldgroups` (`id`, `name`) VALUES('4', 'role');
INSERT INTO `fieldgroups` (`id`, `name`) VALUES('5', 'permission');
INSERT INTO `fieldgroups` (`id`, `name`) VALUES('1', 'home');
INSERT INTO `fieldgroups` (`id`, `name`) VALUES('83', 'basic-page');
INSERT INTO `fieldgroups` (`id`, `name`) VALUES('97', 'impressum');
INSERT INTO `fieldgroups` (`id`, `name`) VALUES('98', 'blog');
INSERT INTO `fieldgroups` (`id`, `name`) VALUES('99', 'kontakt');
INSERT INTO `fieldgroups` (`id`, `name`) VALUES('100', 'mail_handler');

DROP TABLE IF EXISTS `fieldgroups_fields`;
CREATE TABLE `fieldgroups_fields` (
  `fieldgroups_id` int(10) unsigned NOT NULL DEFAULT '0',
  `fields_id` int(10) unsigned NOT NULL DEFAULT '0',
  `sort` int(11) unsigned NOT NULL DEFAULT '0',
  `data` text,
  PRIMARY KEY (`fieldgroups_id`,`fields_id`)
) ENGINE=MyISAM DEFAULT CHARSET=utf8;

INSERT INTO `fieldgroups_fields` (`fieldgroups_id`, `fields_id`, `sort`, `data`) VALUES('2', '2', '1', NULL);
INSERT INTO `fieldgroups_fields` (`fieldgroups_id`, `fields_id`, `sort`, `data`) VALUES('2', '1', '0', NULL);
INSERT INTO `fieldgroups_fields` (`fieldgroups_id`, `fields_id`, `sort`, `data`) VALUES('3', '4', '2', NULL);
INSERT INTO `fieldgroups_fields` (`fieldgroups_id`, `fields_id`, `sort`, `data`) VALUES('3', '92', '1', NULL);
INSERT INTO `fieldgroups_fields` (`fieldgroups_id`, `fields_id`, `sort`, `data`) VALUES('4', '5', '0', NULL);
INSERT INTO `fieldgroups_fields` (`fieldgroups_id`, `fields_id`, `sort`, `data`) VALUES('5', '1', '0', NULL);
INSERT INTO `fieldgroups_fields` (`fieldgroups_id`, `fields_id`, `sort`, `data`) VALUES('3', '3', '0', NULL);
INSERT INTO `fieldgroups_fields` (`fieldgroups_id`, `fields_id`, `sort`, `data`) VALUES('83', '1', '0', NULL);
INSERT INTO `fieldgroups_fields` (`fieldgroups_id`, `fields_id`, `sort`, `data`) VALUES('1', '98', '1', NULL);
INSERT INTO `fieldgroups_fields` (`fieldgroups_id`, `fields_id`, `sort`, `data`) VALUES('3', '97', '3', NULL);
INSERT INTO `fieldgroups_fields` (`fieldgroups_id`, `fields_id`, `sort`, `data`) VALUES('1', '100', '2', NULL);
INSERT INTO `fieldgroups_fields` (`fieldgroups_id`, `fields_id`, `sort`, `data`) VALUES('1', '1', '0', NULL);
INSERT INTO `fieldgroups_fields` (`fieldgroups_id`, `fields_id`, `sort`, `data`) VALUES('1', '99', '3', NULL);
INSERT INTO `fieldgroups_fields` (`fieldgroups_id`, `fields_id`, `sort`, `data`) VALUES('97', '1', '0', NULL);
INSERT INTO `fieldgroups_fields` (`fieldgroups_id`, `fields_id`, `sort`, `data`) VALUES('98', '1', '0', NULL);
INSERT INTO `fieldgroups_fields` (`fieldgroups_id`, `fields_id`, `sort`, `data`) VALUES('99', '1', '0', NULL);
INSERT INTO `fieldgroups_fields` (`fieldgroups_id`, `fields_id`, `sort`, `data`) VALUES('100', '1', '0', NULL);

DROP TABLE IF EXISTS `fields`;
CREATE TABLE `fields` (
  `id` int(10) unsigned NOT NULL AUTO_INCREMENT,
  `type` varchar(128) CHARACTER SET ascii NOT NULL,
  `name` varchar(250) CHARACTER SET ascii NOT NULL,
  `flags` int(11) NOT NULL DEFAULT '0',
  `label` varchar(250) NOT NULL DEFAULT '',
  `data` text NOT NULL,
  PRIMARY KEY (`id`),
  UNIQUE KEY `name` (`name`),
  KEY `type` (`type`)
) ENGINE=MyISAM AUTO_INCREMENT=101 DEFAULT CHARSET=utf8;

INSERT INTO `fields` (`id`, `type`, `name`, `flags`, `label`, `data`) VALUES('1', 'FieldtypePageTitle', 'title', '13', 'Title', '{\"required\":1,\"textformatters\":[\"TextformatterEntities\"],\"size\":0,\"maxlength\":255}');
INSERT INTO `fields` (`id`, `type`, `name`, `flags`, `label`, `data`) VALUES('2', 'FieldtypeModule', 'process', '25', 'Process', '{\"description\":\"The process that is executed on this page. Since this is mostly used by ProcessWire internally, it is recommended that you don\'t change the value of this unless adding your own pages in the admin.\",\"collapsed\":1,\"required\":1,\"moduleTypes\":[\"Process\"],\"permanent\":1}');
INSERT INTO `fields` (`id`, `type`, `name`, `flags`, `label`, `data`) VALUES('3', 'FieldtypePassword', 'pass', '24', 'Set Password', '{\"collapsed\":1,\"size\":50,\"maxlength\":128}');
INSERT INTO `fields` (`id`, `type`, `name`, `flags`, `label`, `data`) VALUES('5', 'FieldtypePage', 'permissions', '24', 'Permissions', '{\"derefAsPage\":0,\"parent_id\":31,\"labelFieldName\":\"title\",\"inputfield\":\"InputfieldCheckboxes\"}');
INSERT INTO `fields` (`id`, `type`, `name`, `flags`, `label`, `data`) VALUES('4', 'FieldtypePage', 'roles', '24', 'Roles', '{\"derefAsPage\":0,\"parent_id\":30,\"labelFieldName\":\"name\",\"inputfield\":\"InputfieldCheckboxes\",\"description\":\"User will inherit the permissions assigned to each role. You may assign multiple roles to a user. When accessing a page, the user will only inherit permissions from the roles that are also assigned to the page\'s template.\"}');
INSERT INTO `fields` (`id`, `type`, `name`, `flags`, `label`, `data`) VALUES('92', 'FieldtypeEmail', 'email', '9', 'E-Mail Address', '{\"size\":70,\"maxlength\":255}');
INSERT INTO `fields` (`id`, `type`, `name`, `flags`, `label`, `data`) VALUES('97', 'FieldtypeModule', 'admin_theme', '8', 'Admin Theme', '{\"moduleTypes\":[\"AdminTheme\"],\"labelField\":\"title\",\"inputfieldClass\":\"InputfieldRadios\"}');
INSERT INTO `fields` (`id`, `type`, `name`, `flags`, `label`, `data`) VALUES('98', 'FieldtypeImage', 'Logo_head', '0', 'Logo fr das Men', '{\"extensions\":\"gif jpg jpeg png\",\"maxFiles\":1,\"outputFormat\":0,\"defaultValuePage\":0,\"useTags\":0,\"inputfieldClass\":\"InputfieldImage\",\"descriptionRows\":1,\"gridMode\":\"grid\",\"focusMode\":\"on\",\"resizeServer\":0,\"clientQuality\":90,\"maxReject\":0,\"dimensionsByAspectRatio\":0,\"fileSchema\":6}');
INSERT INTO `fields` (`id`, `type`, `name`, `flags`, `label`, `data`) VALUES('99', 'FieldtypeTextarea', 'text', '0', '', '{\"inputfieldClass\":\"InputfieldCKEditor\",\"contentType\":1,\"collapsed\":0,\"minlength\":0,\"maxlength\":0,\"showCount\":0,\"rows\":5,\"htmlOptions\":[2,4,8],\"toolbar\":\"Format, Styles, -, Bold, Italic, -, RemoveFormat\\nNumberedList, BulletedList, -, Blockquote\\nPWLink, Unlink, Anchor\\nPWImage, Table, HorizontalRule, SpecialChar\\nPasteText, PasteFromWord\\nScayt, -, Sourcedialog\",\"inlineMode\":0,\"useACF\":1,\"usePurifier\":1,\"formatTags\":\"p;h1;h2;h3;h4;h5;h6;pre;address\",\"extraPlugins\":[\"pwimage\",\"pwlink\",\"sourcedialog\"],\"removePlugins\":\"image,magicline\"}');
INSERT INTO `fields` (`id`, `type`, `name`, `flags`, `label`, `data`) VALUES('100', 'FieldtypeImage', 'pics', '0', '', '{\"fileSchema\":6,\"extensions\":\"gif jpg jpeg png\",\"maxFiles\":0,\"outputFormat\":0,\"defaultValuePage\":0,\"useTags\":0,\"inputfieldClass\":\"InputfieldImage\",\"collapsed\":0,\"descriptionRows\":1,\"gridMode\":\"grid\",\"focusMode\":\"on\",\"resizeServer\":0,\"clientQuality\":90,\"maxReject\":0,\"dimensionsByAspectRatio\":0}');

DROP TABLE IF EXISTS `modules`;
CREATE TABLE `modules` (
  `id` int(10) unsigned NOT NULL AUTO_INCREMENT,
  `class` varchar(128) CHARACTER SET ascii NOT NULL,
  `flags` int(11) NOT NULL DEFAULT '0',
  `data` text NOT NULL,
  `created` timestamp NOT NULL DEFAULT CURRENT_TIMESTAMP,
  PRIMARY KEY (`id`),
  UNIQUE KEY `class` (`class`)
) ENGINE=MyISAM AUTO_INCREMENT=171 DEFAULT CHARSET=utf8;

INSERT INTO `modules` (`id`, `class`, `flags`, `data`, `created`) VALUES('1', 'FieldtypeTextarea', '0', '', '2019-04-07 17:48:08');
INSERT INTO `modules` (`id`, `class`, `flags`, `data`, `created`) VALUES('2', 'FieldtypeNumber', '0', '', '2019-04-07 17:48:08');
INSERT INTO `modules` (`id`, `class`, `flags`, `data`, `created`) VALUES('3', 'FieldtypeText', '0', '', '2019-04-07 17:48:08');
INSERT INTO `modules` (`id`, `class`, `flags`, `data`, `created`) VALUES('4', 'FieldtypePage', '0', '', '2019-04-07 17:48:08');
INSERT INTO `modules` (`id`, `class`, `flags`, `data`, `created`) VALUES('30', 'InputfieldForm', '0', '', '2019-04-07 17:48:08');
INSERT INTO `modules` (`id`, `class`, `flags`, `data`, `created`) VALUES('6', 'FieldtypeFile', '0', '', '2019-04-07 17:48:08');
INSERT INTO `modules` (`id`, `class`, `flags`, `data`, `created`) VALUES('7', 'ProcessPageEdit', '1', '', '2019-04-07 17:48:08');
INSERT INTO `modules` (`id`, `class`, `flags`, `data`, `created`) VALUES('10', 'ProcessLogin', '0', '', '2019-04-07 17:48:08');
INSERT INTO `modules` (`id`, `class`, `flags`, `data`, `created`) VALUES('12', 'ProcessPageList', '0', '{\"pageLabelField\":\"title\",\"paginationLimit\":25,\"limit\":50}', '2019-04-07 17:48:08');
INSERT INTO `modules` (`id`, `class`, `flags`, `data`, `created`) VALUES('121', 'ProcessPageEditLink', '1', '', '2019-04-07 17:48:08');
INSERT INTO `modules` (`id`, `class`, `flags`, `data`, `created`) VALUES('14', 'ProcessPageSort', '0', '', '2019-04-07 17:48:08');
INSERT INTO `modules` (`id`, `class`, `flags`, `data`, `created`) VALUES('15', 'InputfieldPageListSelect', '0', '', '2019-04-07 17:48:08');
INSERT INTO `modules` (`id`, `class`, `flags`, `data`, `created`) VALUES('117', 'JqueryUI', '1', '', '2019-04-07 17:48:08');
INSERT INTO `modules` (`id`, `class`, `flags`, `data`, `created`) VALUES('17', 'ProcessPageAdd', '0', '', '2019-04-07 17:48:08');
INSERT INTO `modules` (`id`, `class`, `flags`, `data`, `created`) VALUES('125', 'SessionLoginThrottle', '11', '', '2019-04-07 17:48:08');
INSERT INTO `modules` (`id`, `class`, `flags`, `data`, `created`) VALUES('122', 'InputfieldPassword', '0', '', '2019-04-07 17:48:08');
INSERT INTO `modules` (`id`, `class`, `flags`, `data`, `created`) VALUES('25', 'InputfieldAsmSelect', '0', '', '2019-04-07 17:48:08');
INSERT INTO `modules` (`id`, `class`, `flags`, `data`, `created`) VALUES('116', 'JqueryCore', '1', '', '2019-04-07 17:48:08');
INSERT INTO `modules` (`id`, `class`, `flags`, `data`, `created`) VALUES('27', 'FieldtypeModule', '0', '', '2019-04-07 17:48:08');
INSERT INTO `modules` (`id`, `class`, `flags`, `data`, `created`) VALUES('28', 'FieldtypeDatetime', '0', '', '2019-04-07 17:48:08');
INSERT INTO `modules` (`id`, `class`, `flags`, `data`, `created`) VALUES('29', 'FieldtypeEmail', '0', '', '2019-04-07 17:48:08');
INSERT INTO `modules` (`id`, `class`, `flags`, `data`, `created`) VALUES('108', 'InputfieldURL', '0', '', '2019-04-07 17:48:08');
INSERT INTO `modules` (`id`, `class`, `flags`, `data`, `created`) VALUES('32', 'InputfieldSubmit', '0', '', '2019-04-07 17:48:08');
INSERT INTO `modules` (`id`, `class`, `flags`, `data`, `created`) VALUES('33', 'InputfieldWrapper', '0', '', '2019-04-07 17:48:08');
INSERT INTO `modules` (`id`, `class`, `flags`, `data`, `created`) VALUES('34', 'InputfieldText', '0', '', '2019-04-07 17:48:08');
INSERT INTO `modules` (`id`, `class`, `flags`, `data`, `created`) VALUES('35', 'InputfieldTextarea', '0', '', '2019-04-07 17:48:08');
INSERT INTO `modules` (`id`, `class`, `flags`, `data`, `created`) VALUES('36', 'InputfieldSelect', '0', '', '2019-04-07 17:48:08');
INSERT INTO `modules` (`id`, `class`, `flags`, `data`, `created`) VALUES('37', 'InputfieldCheckbox', '0', '', '2019-04-07 17:48:08');
INSERT INTO `modules` (`id`, `class`, `flags`, `data`, `created`) VALUES('38', 'InputfieldCheckboxes', '0', '', '2019-04-07 17:48:08');
INSERT INTO `modules` (`id`, `class`, `flags`, `data`, `created`) VALUES('39', 'InputfieldRadios', '0', '', '2019-04-07 17:48:08');
INSERT INTO `modules` (`id`, `class`, `flags`, `data`, `created`) VALUES('40', 'InputfieldHidden', '0', '', '2019-04-07 17:48:08');
INSERT INTO `modules` (`id`, `class`, `flags`, `data`, `created`) VALUES('41', 'InputfieldName', '0', '', '2019-04-07 17:48:08');
INSERT INTO `modules` (`id`, `class`, `flags`, `data`, `created`) VALUES('43', 'InputfieldSelectMultiple', '0', '', '2019-04-07 17:48:08');
INSERT INTO `modules` (`id`, `class`, `flags`, `data`, `created`) VALUES('45', 'JqueryWireTabs', '0', '', '2019-04-07 17:48:08');
INSERT INTO `modules` (`id`, `class`, `flags`, `data`, `created`) VALUES('46', 'ProcessPage', '0', '', '2019-04-07 17:48:08');
INSERT INTO `modules` (`id`, `class`, `flags`, `data`, `created`) VALUES('47', 'ProcessTemplate', '0', '', '2019-04-07 17:48:08');
INSERT INTO `modules` (`id`, `class`, `flags`, `data`, `created`) VALUES('48', 'ProcessField', '32', '', '2019-04-07 17:48:08');
INSERT INTO `modules` (`id`, `class`, `flags`, `data`, `created`) VALUES('50', 'ProcessModule', '0', '', '2019-04-07 17:48:08');
INSERT INTO `modules` (`id`, `class`, `flags`, `data`, `created`) VALUES('114', 'PagePermissions', '3', '', '2019-04-07 17:48:08');
INSERT INTO `modules` (`id`, `class`, `flags`, `data`, `created`) VALUES('97', 'FieldtypeCheckbox', '1', '', '2019-04-07 17:48:08');
INSERT INTO `modules` (`id`, `class`, `flags`, `data`, `created`) VALUES('115', 'PageRender', '3', '{\"clearCache\":1}', '2019-04-07 17:48:08');
INSERT INTO `modules` (`id`, `class`, `flags`, `data`, `created`) VALUES('55', 'InputfieldFile', '0', '', '2019-04-07 17:48:08');
INSERT INTO `modules` (`id`, `class`, `flags`, `data`, `created`) VALUES('56', 'InputfieldImage', '0', '', '2019-04-07 17:48:08');
INSERT INTO `modules` (`id`, `class`, `flags`, `data`, `created`) VALUES('57', 'FieldtypeImage', '0', '', '2019-04-07 17:48:08');
INSERT INTO `modules` (`id`, `class`, `flags`, `data`, `created`) VALUES('60', 'InputfieldPage', '0', '{\"inputfieldClasses\":[\"InputfieldSelect\",\"InputfieldSelectMultiple\",\"InputfieldCheckboxes\",\"InputfieldRadios\",\"InputfieldAsmSelect\",\"InputfieldPageListSelect\",\"InputfieldPageListSelectMultiple\"]}', '2019-04-07 17:48:08');
INSERT INTO `modules` (`id`, `class`, `flags`, `data`, `created`) VALUES('61', 'TextformatterEntities', '0', '', '2019-04-07 17:48:08');
INSERT INTO `modules` (`id`, `class`, `flags`, `data`, `created`) VALUES('66', 'ProcessUser', '0', '{\"showFields\":[\"name\",\"email\",\"roles\"]}', '2019-04-07 17:48:08');
INSERT INTO `modules` (`id`, `class`, `flags`, `data`, `created`) VALUES('67', 'MarkupAdminDataTable', '0', '', '2019-04-07 17:48:08');
INSERT INTO `modules` (`id`, `class`, `flags`, `data`, `created`) VALUES('68', 'ProcessRole', '0', '{\"showFields\":[\"name\"]}', '2019-04-07 17:48:08');
INSERT INTO `modules` (`id`, `class`, `flags`, `data`, `created`) VALUES('76', 'ProcessList', '0', '', '2019-04-07 17:48:08');
INSERT INTO `modules` (`id`, `class`, `flags`, `data`, `created`) VALUES('78', 'InputfieldFieldset', '0', '', '2019-04-07 17:48:08');
INSERT INTO `modules` (`id`, `class`, `flags`, `data`, `created`) VALUES('79', 'InputfieldMarkup', '0', '', '2019-04-07 17:48:08');
INSERT INTO `modules` (`id`, `class`, `flags`, `data`, `created`) VALUES('80', 'InputfieldEmail', '0', '', '2019-04-07 17:48:08');
INSERT INTO `modules` (`id`, `class`, `flags`, `data`, `created`) VALUES('89', 'FieldtypeFloat', '1', '', '2019-04-07 17:48:08');
INSERT INTO `modules` (`id`, `class`, `flags`, `data`, `created`) VALUES('83', 'ProcessPageView', '0', '', '2019-04-07 17:48:08');
INSERT INTO `modules` (`id`, `class`, `flags`, `data`, `created`) VALUES('84', 'FieldtypeInteger', '0', '', '2019-04-07 17:48:08');
INSERT INTO `modules` (`id`, `class`, `flags`, `data`, `created`) VALUES('85', 'InputfieldInteger', '0', '', '2019-04-07 17:48:08');
INSERT INTO `modules` (`id`, `class`, `flags`, `data`, `created`) VALUES('86', 'InputfieldPageName', '0', '', '2019-04-07 17:48:08');
INSERT INTO `modules` (`id`, `class`, `flags`, `data`, `created`) VALUES('87', 'ProcessHome', '0', '', '2019-04-07 17:48:08');
INSERT INTO `modules` (`id`, `class`, `flags`, `data`, `created`) VALUES('90', 'InputfieldFloat', '0', '', '2019-04-07 17:48:08');
INSERT INTO `modules` (`id`, `class`, `flags`, `data`, `created`) VALUES('94', 'InputfieldDatetime', '0', '', '2019-04-07 17:48:08');
INSERT INTO `modules` (`id`, `class`, `flags`, `data`, `created`) VALUES('98', 'MarkupPagerNav', '0', '', '2019-04-07 17:48:08');
INSERT INTO `modules` (`id`, `class`, `flags`, `data`, `created`) VALUES('129', 'ProcessPageEditImageSelect', '1', '', '2019-04-07 17:48:08');
INSERT INTO `modules` (`id`, `class`, `flags`, `data`, `created`) VALUES('103', 'JqueryTableSorter', '1', '', '2019-04-07 17:48:08');
INSERT INTO `modules` (`id`, `class`, `flags`, `data`, `created`) VALUES('104', 'ProcessPageSearch', '1', '{\"searchFields\":\"title\",\"displayField\":\"title path\"}', '2019-04-07 17:48:08');
INSERT INTO `modules` (`id`, `class`, `flags`, `data`, `created`) VALUES('105', 'FieldtypeFieldsetOpen', '1', '', '2019-04-07 17:48:08');
INSERT INTO `modules` (`id`, `class`, `flags`, `data`, `created`) VALUES('106', 'FieldtypeFieldsetClose', '1', '', '2019-04-07 17:48:08');
INSERT INTO `modules` (`id`, `class`, `flags`, `data`, `created`) VALUES('107', 'FieldtypeFieldsetTabOpen', '1', '', '2019-04-07 17:48:08');
INSERT INTO `modules` (`id`, `class`, `flags`, `data`, `created`) VALUES('109', 'ProcessPageTrash', '1', '', '2019-04-07 17:48:08');
INSERT INTO `modules` (`id`, `class`, `flags`, `data`, `created`) VALUES('111', 'FieldtypePageTitle', '1', '', '2019-04-07 17:48:08');
INSERT INTO `modules` (`id`, `class`, `flags`, `data`, `created`) VALUES('112', 'InputfieldPageTitle', '0', '', '2019-04-07 17:48:08');
INSERT INTO `modules` (`id`, `class`, `flags`, `data`, `created`) VALUES('113', 'MarkupPageArray', '3', '', '2019-04-07 17:48:08');
INSERT INTO `modules` (`id`, `class`, `flags`, `data`, `created`) VALUES('131', 'InputfieldButton', '0', '', '2019-04-07 17:48:08');
INSERT INTO `modules` (`id`, `class`, `flags`, `data`, `created`) VALUES('133', 'FieldtypePassword', '1', '', '2019-04-07 17:48:08');
INSERT INTO `modules` (`id`, `class`, `flags`, `data`, `created`) VALUES('134', 'ProcessPageType', '33', '{\"showFields\":[]}', '2019-04-07 17:48:08');
INSERT INTO `modules` (`id`, `class`, `flags`, `data`, `created`) VALUES('135', 'FieldtypeURL', '1', '', '2019-04-07 17:48:08');
INSERT INTO `modules` (`id`, `class`, `flags`, `data`, `created`) VALUES('136', 'ProcessPermission', '1', '{\"showFields\":[\"name\",\"title\"]}', '2019-04-07 17:48:08');
INSERT INTO `modules` (`id`, `class`, `flags`, `data`, `created`) VALUES('137', 'InputfieldPageListSelectMultiple', '0', '', '2019-04-07 17:48:08');
INSERT INTO `modules` (`id`, `class`, `flags`, `data`, `created`) VALUES('138', 'ProcessProfile', '1', '{\"profileFields\":[\"pass\",\"email\",\"admin_theme\"]}', '2019-04-07 17:48:08');
INSERT INTO `modules` (`id`, `class`, `flags`, `data`, `created`) VALUES('139', 'SystemUpdater', '1', '{\"systemVersion\":16,\"coreVersion\":\"3.0.129\"}', '2019-04-07 17:48:08');
INSERT INTO `modules` (`id`, `class`, `flags`, `data`, `created`) VALUES('148', 'AdminThemeDefault', '10', '{\"colors\":\"classic\"}', '2019-04-07 17:48:08');
INSERT INTO `modules` (`id`, `class`, `flags`, `data`, `created`) VALUES('149', 'InputfieldSelector', '42', '', '2019-04-07 17:48:08');
INSERT INTO `modules` (`id`, `class`, `flags`, `data`, `created`) VALUES('150', 'ProcessPageLister', '32', '', '2019-04-07 17:48:08');
INSERT INTO `modules` (`id`, `class`, `flags`, `data`, `created`) VALUES('151', 'JqueryMagnific', '1', '', '2019-04-07 17:48:08');
INSERT INTO `modules` (`id`, `class`, `flags`, `data`, `created`) VALUES('155', 'InputfieldCKEditor', '0', '', '2019-04-07 17:48:08');
INSERT INTO `modules` (`id`, `class`, `flags`, `data`, `created`) VALUES('156', 'MarkupHTMLPurifier', '0', '', '2019-04-07 17:48:08');
INSERT INTO `modules` (`id`, `class`, `flags`, `data`, `created`) VALUES('159', 'ProcessRecentPages', '1', '', '2019-04-07 17:49:48');
INSERT INTO `modules` (`id`, `class`, `flags`, `data`, `created`) VALUES('160', 'AdminThemeUikit', '10', '', '2019-04-07 17:49:48');
INSERT INTO `modules` (`id`, `class`, `flags`, `data`, `created`) VALUES('161', 'ProcessLogger', '1', '', '2019-04-07 17:49:57');
INSERT INTO `modules` (`id`, `class`, `flags`, `data`, `created`) VALUES('162', 'InputfieldIcon', '0', '', '2019-04-07 17:49:57');
INSERT INTO `modules` (`id`, `class`, `flags`, `data`, `created`) VALUES('163', 'JqueryDataTables', '1', '', '2019-04-07 17:51:26');
INSERT INTO `modules` (`id`, `class`, `flags`, `data`, `created`) VALUES('164', 'ModulesManager', '1', '', '2019-04-07 17:51:56');
INSERT INTO `modules` (`id`, `class`, `flags`, `data`, `created`) VALUES('165', 'MaintenanceMode', '3', '', '2019-04-07 17:53:54');
INSERT INTO `modules` (`id`, `class`, `flags`, `data`, `created`) VALUES('166', 'ProtectedMode', '3', '{\"protectedMode\":\"\",\"roles\":[\"superuser\"],\"send503header\":null,\"retryAfter\":1556640060,\"retryAfter_inputdate\":\"d-m-Y\",\"retryAfter_inputtime\":\"H:i\",\"retryAfter_autoIncrease\":60,\"message\":\"Gesch\\u00e4tzte Besucherinnen und Besucher,\\n\\nhier entsteht der Webauftritt von lernpraxis-evo.at <\\/br>\\nGerne erreichen Sie mich unter <a href=\\\"mailto:info@lernpraxis-evo.at\\\">info@lernpraxis-evo.at<\\/a>\",\"prohibitedMessage\":\"Sorry, you do not have permission to view the site in protected mode.\",\"usernamePlaceholder\":\"Username\",\"passwordPlaceholder\":\"Passwort\",\"loginButtonText\":\"Einloggen\",\"logincss\":\".protected-mode-container {\\n    width: 400px;\\n    max-width: calc(100vw - 20px);\\n    height: 150px;\\n    margin: auto;\\n    position: absolute;\\n    top: 0;\\n    left: 0;\\n    bottom: 0;\\n    right: 0;\\n}\\n\\np, legend {\\n    font-family: Arial, Helvetica, sans-serif;\\n    display: block;\\n    width: 100%;\\n    margin-bottom: 1rem;\\n    line-height: 1.4;\\n    color: #6F6F6F;\\n}\\n\\nbutton {\\n    font-family: Arial, Helvetica, sans-serif;\\n    font-size: 100%;\\n    padding: 0.5em 1em;\\n    background-color: #006DD3;\\n    color:#fff;\\n    text-decoration: none;\\n    border: 0 rgba(0,0,0,0);\\n    border-radius: 2px;\\n}\\nbutton:hover,\\nbutton:focus {\\n    background-color: #007DD2;\\n}\\nbutton:focus {\\n    outline: 0;\\n}\\n\\ninput[type=\'text\'],\\ninput[type=\'password\'] {\\n    font-size: 100%;\\n    padding: 0.5rem;\\n    display: inline-block;\\n    border: 1px solid #ccc;\\n    box-shadow: inset 0 1px 3px #ddd;\\n    border-radius: 4px;\\n    -webkit-box-sizing: border-box;\\n    -moz-box-sizing: border-box;\\n    box-sizing: border-box;\\n}\",\"uninstall\":\"\",\"submit_save_module\":\"Submit\"}', '2019-04-07 18:01:48');
INSERT INTO `modules` (`id`, `class`, `flags`, `data`, `created`) VALUES('168', 'WireMailPHPMailer', '0', '{\"From\":\"website@lernpraxis-evo.at\",\"FromName\":\"Sita\",\"To\":\"albert.polletta@gmail.com\",\"ToName\":\"Albert\",\"Subject\":\"Neue Nachricht\",\"Priority\":\"3\",\"CharSet\":\"utf-8\",\"ContentType\":\"text\\/plain\",\"Encoding\":\"7bit\",\"Mailer\":\"smtp\",\"SMTPDebug\":\"0\",\"Debugoutput\":\"html\",\"Helo\":\"\",\"SMTPSecure\":\"ssl\",\"SMTPAutoTLS\":1,\"SMTPAuth\":\"\",\"AuthType\":\"LOGIN\",\"Host\":\"localhost\",\"Port\":\"465\",\"Username\":\"sitadmin\",\"Password\":\"7earn2day\",\"Sendmail\":\"\\/usr\\/sbin\\/sendmail\",\"uninstall\":\"\",\"submit_save_module\":\"Submit\"}', '2019-04-15 00:44:51');
INSERT INTO `modules` (`id`, `class`, `flags`, `data`, `created`) VALUES('169', 'Duplicator', '11', '{\"packageName\":\"\",\"backupWire\":\"\",\"backups\":1,\"backupLogs\":\"\",\"backupSessions\":1,\"backupCache\":\"\",\"backupFiles\":\"\",\"backupVariants\":1,\"ignoredPath\":\"\",\"ignoredExtensions\":[],\"maxPackages\":100,\"removeBackups\":1,\"cronMode\":\"none\",\"cycle\":\"everyHour\",\"deadline\":\"\",\"archiveFlush\":\"\",\"zip_flush_mbytes\":0,\"useLocalFolder\":1,\"path\":\"\",\"useFTP\":\"\",\"ftpHostname\":\"\",\"ftpUsername\":\"\",\"ftpPassword\":\"\",\"ftpPort\":\"\",\"ftpTimeout\":\"\",\"ftpSSL\":null,\"ftpPassive\":null,\"ftpDirectory\":\"\",\"useDropbox\":\"\",\"dropboxAccessToken\":\"\",\"useGoogleDrive\":\"\",\"googleKeyFile\":\"\",\"shareWithEmail\":\"\",\"useAmazonS3\":\"\",\"awsAccessKey\":\"\",\"awsSecretKey\":\"\",\"awsBucketName\":\"\",\"awsRegion\":\"\",\"uninstall\":\"\",\"submit_save_module\":\"Submit\"}', '2020-05-19 08:43:35');
INSERT INTO `modules` (`id`, `class`, `flags`, `data`, `created`) VALUES('170', 'ProcessDatabaseBackups', '1', '', '2020-05-19 08:45:33');

DROP TABLE IF EXISTS `pages`;
CREATE TABLE `pages` (
  `id` int(10) unsigned NOT NULL AUTO_INCREMENT,
  `parent_id` int(11) unsigned NOT NULL DEFAULT '0',
  `templates_id` int(11) unsigned NOT NULL DEFAULT '0',
  `name` varchar(128) CHARACTER SET ascii NOT NULL,
  `status` int(10) unsigned NOT NULL DEFAULT '1',
  `modified` timestamp NOT NULL DEFAULT CURRENT_TIMESTAMP,
  `modified_users_id` int(10) unsigned NOT NULL DEFAULT '2',
  `created` timestamp NOT NULL DEFAULT '2015-12-18 07:09:00',
  `created_users_id` int(10) unsigned NOT NULL DEFAULT '2',
  `published` datetime DEFAULT NULL,
  `sort` int(11) NOT NULL DEFAULT '0',
  PRIMARY KEY (`id`),
  UNIQUE KEY `name_parent_id` (`name`,`parent_id`),
  KEY `parent_id` (`parent_id`),
  KEY `templates_id` (`templates_id`),
  KEY `modified` (`modified`),
  KEY `created` (`created`),
  KEY `status` (`status`),
  KEY `published` (`published`)
) ENGINE=MyISAM AUTO_INCREMENT=1022 DEFAULT CHARSET=utf8;

INSERT INTO `pages` (`id`, `parent_id`, `templates_id`, `name`, `status`, `modified`, `modified_users_id`, `created`, `created_users_id`, `published`, `sort`) VALUES('1', '0', '1', 'home', '9', '2019-04-13 01:46:50', '41', '2019-04-07 17:48:08', '2', '2019-04-07 15:48:08', '0');
INSERT INTO `pages` (`id`, `parent_id`, `templates_id`, `name`, `status`, `modified`, `modified_users_id`, `created`, `created_users_id`, `published`, `sort`) VALUES('2', '1', '2', 'backstage', '1035', '2019-04-07 17:49:49', '40', '2019-04-07 17:48:08', '2', '2019-04-07 15:48:08', '7');
INSERT INTO `pages` (`id`, `parent_id`, `templates_id`, `name`, `status`, `modified`, `modified_users_id`, `created`, `created_users_id`, `published`, `sort`) VALUES('3', '2', '2', 'page', '21', '2019-04-07 17:48:08', '41', '2019-04-07 17:48:08', '2', '2019-04-07 15:48:08', '0');
INSERT INTO `pages` (`id`, `parent_id`, `templates_id`, `name`, `status`, `modified`, `modified_users_id`, `created`, `created_users_id`, `published`, `sort`) VALUES('6', '3', '2', 'add', '21', '2019-04-07 17:50:17', '40', '2019-04-07 17:48:08', '2', '2019-04-07 15:48:08', '1');
INSERT INTO `pages` (`id`, `parent_id`, `templates_id`, `name`, `status`, `modified`, `modified_users_id`, `created`, `created_users_id`, `published`, `sort`) VALUES('7', '1', '2', 'trash', '1039', '2019-04-07 17:48:08', '41', '2019-04-07 17:48:08', '2', '2019-04-07 15:48:08', '8');
INSERT INTO `pages` (`id`, `parent_id`, `templates_id`, `name`, `status`, `modified`, `modified_users_id`, `created`, `created_users_id`, `published`, `sort`) VALUES('8', '3', '2', 'list', '21', '2019-04-07 17:50:18', '41', '2019-04-07 17:48:08', '2', '2019-04-07 15:48:08', '0');
INSERT INTO `pages` (`id`, `parent_id`, `templates_id`, `name`, `status`, `modified`, `modified_users_id`, `created`, `created_users_id`, `published`, `sort`) VALUES('9', '3', '2', 'sort', '1047', '2019-04-07 17:48:08', '41', '2019-04-07 17:48:08', '2', '2019-04-07 15:48:08', '3');
INSERT INTO `pages` (`id`, `parent_id`, `templates_id`, `name`, `status`, `modified`, `modified_users_id`, `created`, `created_users_id`, `published`, `sort`) VALUES('10', '3', '2', 'edit', '1045', '2019-04-07 17:50:17', '41', '2019-04-07 17:48:08', '2', '2019-04-07 15:48:08', '4');
INSERT INTO `pages` (`id`, `parent_id`, `templates_id`, `name`, `status`, `modified`, `modified_users_id`, `created`, `created_users_id`, `published`, `sort`) VALUES('11', '22', '2', 'template', '21', '2019-04-07 17:48:08', '41', '2019-04-07 17:48:08', '2', '2019-04-07 15:48:08', '0');
INSERT INTO `pages` (`id`, `parent_id`, `templates_id`, `name`, `status`, `modified`, `modified_users_id`, `created`, `created_users_id`, `published`, `sort`) VALUES('16', '22', '2', 'field', '21', '2019-04-07 17:48:08', '41', '2019-04-07 17:48:08', '2', '2019-04-07 15:48:08', '2');
INSERT INTO `pages` (`id`, `parent_id`, `templates_id`, `name`, `status`, `modified`, `modified_users_id`, `created`, `created_users_id`, `published`, `sort`) VALUES('21', '2', '2', 'module', '21', '2019-04-07 17:48:08', '41', '2019-04-07 17:48:08', '2', '2019-04-07 15:48:08', '2');
INSERT INTO `pages` (`id`, `parent_id`, `templates_id`, `name`, `status`, `modified`, `modified_users_id`, `created`, `created_users_id`, `published`, `sort`) VALUES('22', '2', '2', 'setup', '21', '2019-04-07 17:48:08', '41', '2019-04-07 17:48:08', '2', '2019-04-07 15:48:08', '1');
INSERT INTO `pages` (`id`, `parent_id`, `templates_id`, `name`, `status`, `modified`, `modified_users_id`, `created`, `created_users_id`, `published`, `sort`) VALUES('23', '2', '2', 'login', '1035', '2019-04-07 17:48:08', '41', '2019-04-07 17:48:08', '2', '2019-04-07 15:48:08', '4');
INSERT INTO `pages` (`id`, `parent_id`, `templates_id`, `name`, `status`, `modified`, `modified_users_id`, `created`, `created_users_id`, `published`, `sort`) VALUES('27', '1', '29', 'http404', '1035', '2019-04-07 17:48:08', '41', '2019-04-07 17:48:08', '3', '2019-04-07 15:48:08', '6');
INSERT INTO `pages` (`id`, `parent_id`, `templates_id`, `name`, `status`, `modified`, `modified_users_id`, `created`, `created_users_id`, `published`, `sort`) VALUES('28', '2', '2', 'access', '13', '2019-04-07 17:48:08', '41', '2019-04-07 17:48:08', '2', '2019-04-07 15:48:08', '3');
INSERT INTO `pages` (`id`, `parent_id`, `templates_id`, `name`, `status`, `modified`, `modified_users_id`, `created`, `created_users_id`, `published`, `sort`) VALUES('29', '28', '2', 'users', '29', '2019-04-07 17:48:08', '41', '2019-04-07 17:48:08', '2', '2019-04-07 15:48:08', '0');
INSERT INTO `pages` (`id`, `parent_id`, `templates_id`, `name`, `status`, `modified`, `modified_users_id`, `created`, `created_users_id`, `published`, `sort`) VALUES('30', '28', '2', 'roles', '29', '2019-04-07 17:48:08', '41', '2019-04-07 17:48:08', '2', '2019-04-07 15:48:08', '1');
INSERT INTO `pages` (`id`, `parent_id`, `templates_id`, `name`, `status`, `modified`, `modified_users_id`, `created`, `created_users_id`, `published`, `sort`) VALUES('31', '28', '2', 'permissions', '29', '2019-04-07 17:48:08', '41', '2019-04-07 17:48:08', '2', '2019-04-07 15:48:08', '2');
INSERT INTO `pages` (`id`, `parent_id`, `templates_id`, `name`, `status`, `modified`, `modified_users_id`, `created`, `created_users_id`, `published`, `sort`) VALUES('32', '31', '5', 'page-edit', '25', '2019-04-07 17:48:08', '41', '2019-04-07 17:48:08', '2', '2019-04-07 15:48:08', '2');
INSERT INTO `pages` (`id`, `parent_id`, `templates_id`, `name`, `status`, `modified`, `modified_users_id`, `created`, `created_users_id`, `published`, `sort`) VALUES('34', '31', '5', 'page-delete', '25', '2019-04-07 17:48:08', '41', '2019-04-07 17:48:08', '2', '2019-04-07 15:48:08', '3');
INSERT INTO `pages` (`id`, `parent_id`, `templates_id`, `name`, `status`, `modified`, `modified_users_id`, `created`, `created_users_id`, `published`, `sort`) VALUES('35', '31', '5', 'page-move', '25', '2019-04-07 17:48:08', '41', '2019-04-07 17:48:08', '2', '2019-04-07 15:48:08', '4');
INSERT INTO `pages` (`id`, `parent_id`, `templates_id`, `name`, `status`, `modified`, `modified_users_id`, `created`, `created_users_id`, `published`, `sort`) VALUES('36', '31', '5', 'page-view', '25', '2019-04-07 17:48:08', '41', '2019-04-07 17:48:08', '2', '2019-04-07 15:48:08', '0');
INSERT INTO `pages` (`id`, `parent_id`, `templates_id`, `name`, `status`, `modified`, `modified_users_id`, `created`, `created_users_id`, `published`, `sort`) VALUES('37', '30', '4', 'guest', '25', '2019-04-07 17:48:08', '41', '2019-04-07 17:48:08', '2', '2019-04-07 15:48:08', '0');
INSERT INTO `pages` (`id`, `parent_id`, `templates_id`, `name`, `status`, `modified`, `modified_users_id`, `created`, `created_users_id`, `published`, `sort`) VALUES('38', '30', '4', 'superuser', '25', '2019-04-07 17:48:08', '41', '2019-04-07 17:48:08', '2', '2019-04-07 15:48:08', '1');
INSERT INTO `pages` (`id`, `parent_id`, `templates_id`, `name`, `status`, `modified`, `modified_users_id`, `created`, `created_users_id`, `published`, `sort`) VALUES('41', '29', '3', 'sitadmin', '1', '2019-04-07 17:49:49', '40', '2019-04-07 17:48:08', '2', '2019-04-07 15:48:08', '0');
INSERT INTO `pages` (`id`, `parent_id`, `templates_id`, `name`, `status`, `modified`, `modified_users_id`, `created`, `created_users_id`, `published`, `sort`) VALUES('40', '29', '3', 'guest', '25', '2019-04-07 17:48:08', '41', '2019-04-07 17:48:08', '2', '2019-04-07 15:48:08', '1');
INSERT INTO `pages` (`id`, `parent_id`, `templates_id`, `name`, `status`, `modified`, `modified_users_id`, `created`, `created_users_id`, `published`, `sort`) VALUES('50', '31', '5', 'page-sort', '25', '2019-04-07 17:48:08', '41', '2019-04-07 17:48:08', '41', '2019-04-07 15:48:08', '5');
INSERT INTO `pages` (`id`, `parent_id`, `templates_id`, `name`, `status`, `modified`, `modified_users_id`, `created`, `created_users_id`, `published`, `sort`) VALUES('51', '31', '5', 'page-template', '25', '2019-04-07 17:48:08', '41', '2019-04-07 17:48:08', '41', '2019-04-07 15:48:08', '6');
INSERT INTO `pages` (`id`, `parent_id`, `templates_id`, `name`, `status`, `modified`, `modified_users_id`, `created`, `created_users_id`, `published`, `sort`) VALUES('52', '31', '5', 'user-admin', '25', '2019-04-07 17:48:08', '41', '2019-04-07 17:48:08', '41', '2019-04-07 15:48:08', '10');
INSERT INTO `pages` (`id`, `parent_id`, `templates_id`, `name`, `status`, `modified`, `modified_users_id`, `created`, `created_users_id`, `published`, `sort`) VALUES('53', '31', '5', 'profile-edit', '1', '2019-04-07 17:48:08', '41', '2019-04-07 17:48:08', '41', '2019-04-07 15:48:08', '13');
INSERT INTO `pages` (`id`, `parent_id`, `templates_id`, `name`, `status`, `modified`, `modified_users_id`, `created`, `created_users_id`, `published`, `sort`) VALUES('54', '31', '5', 'page-lock', '1', '2019-04-07 17:48:08', '41', '2019-04-07 17:48:08', '41', '2019-04-07 15:48:08', '8');
INSERT INTO `pages` (`id`, `parent_id`, `templates_id`, `name`, `status`, `modified`, `modified_users_id`, `created`, `created_users_id`, `published`, `sort`) VALUES('300', '3', '2', 'search', '1045', '2019-04-07 17:48:08', '41', '2019-04-07 17:48:08', '2', '2019-04-07 15:48:08', '6');
INSERT INTO `pages` (`id`, `parent_id`, `templates_id`, `name`, `status`, `modified`, `modified_users_id`, `created`, `created_users_id`, `published`, `sort`) VALUES('301', '3', '2', 'trash', '1047', '2019-04-07 17:48:08', '41', '2019-04-07 17:48:08', '2', '2019-04-07 15:48:08', '6');
INSERT INTO `pages` (`id`, `parent_id`, `templates_id`, `name`, `status`, `modified`, `modified_users_id`, `created`, `created_users_id`, `published`, `sort`) VALUES('302', '3', '2', 'link', '1041', '2019-04-07 17:48:08', '41', '2019-04-07 17:48:08', '2', '2019-04-07 15:48:08', '7');
INSERT INTO `pages` (`id`, `parent_id`, `templates_id`, `name`, `status`, `modified`, `modified_users_id`, `created`, `created_users_id`, `published`, `sort`) VALUES('303', '3', '2', 'image', '1041', '2019-04-07 17:48:08', '41', '2019-04-07 17:48:08', '2', '2019-04-07 15:48:08', '8');
INSERT INTO `pages` (`id`, `parent_id`, `templates_id`, `name`, `status`, `modified`, `modified_users_id`, `created`, `created_users_id`, `published`, `sort`) VALUES('304', '2', '2', 'profile', '1025', '2019-04-07 17:48:08', '41', '2019-04-07 17:48:08', '41', '2019-04-07 15:48:08', '5');
INSERT INTO `pages` (`id`, `parent_id`, `templates_id`, `name`, `status`, `modified`, `modified_users_id`, `created`, `created_users_id`, `published`, `sort`) VALUES('1006', '31', '5', 'page-lister', '1', '2019-04-07 17:48:08', '40', '2019-04-07 17:48:08', '40', '2019-04-07 15:48:08', '9');
INSERT INTO `pages` (`id`, `parent_id`, `templates_id`, `name`, `status`, `modified`, `modified_users_id`, `created`, `created_users_id`, `published`, `sort`) VALUES('1007', '3', '2', 'lister', '1', '2019-04-07 17:48:08', '40', '2019-04-07 17:48:08', '40', '2019-04-07 15:48:08', '9');
INSERT INTO `pages` (`id`, `parent_id`, `templates_id`, `name`, `status`, `modified`, `modified_users_id`, `created`, `created_users_id`, `published`, `sort`) VALUES('1010', '3', '2', 'recent-pages', '1', '2019-04-07 17:49:48', '40', '2019-04-07 17:49:48', '40', '2019-04-07 15:49:48', '10');
INSERT INTO `pages` (`id`, `parent_id`, `templates_id`, `name`, `status`, `modified`, `modified_users_id`, `created`, `created_users_id`, `published`, `sort`) VALUES('1011', '31', '5', 'page-edit-recent', '1', '2019-04-07 17:49:48', '40', '2019-04-07 17:49:48', '40', '2019-04-07 15:49:48', '10');
INSERT INTO `pages` (`id`, `parent_id`, `templates_id`, `name`, `status`, `modified`, `modified_users_id`, `created`, `created_users_id`, `published`, `sort`) VALUES('1012', '22', '2', 'logs', '1', '2019-04-07 17:49:57', '40', '2019-04-07 17:49:57', '40', '2019-04-07 15:49:57', '2');
INSERT INTO `pages` (`id`, `parent_id`, `templates_id`, `name`, `status`, `modified`, `modified_users_id`, `created`, `created_users_id`, `published`, `sort`) VALUES('1013', '31', '5', 'logs-view', '1', '2019-04-07 17:49:57', '40', '2019-04-07 17:49:57', '40', '2019-04-07 15:49:57', '11');
INSERT INTO `pages` (`id`, `parent_id`, `templates_id`, `name`, `status`, `modified`, `modified_users_id`, `created`, `created_users_id`, `published`, `sort`) VALUES('1014', '31', '5', 'logs-edit', '1', '2019-04-07 17:49:57', '40', '2019-04-07 17:49:57', '40', '2019-04-07 15:49:57', '12');
INSERT INTO `pages` (`id`, `parent_id`, `templates_id`, `name`, `status`, `modified`, `modified_users_id`, `created`, `created_users_id`, `published`, `sort`) VALUES('1015', '22', '2', 'modulesmanager', '1', '2019-04-07 17:51:56', '41', '2019-04-07 17:51:56', '41', '2019-04-07 15:51:56', '3');
INSERT INTO `pages` (`id`, `parent_id`, `templates_id`, `name`, `status`, `modified`, `modified_users_id`, `created`, `created_users_id`, `published`, `sort`) VALUES('1016', '1', '43', 'impressum', '1', '2019-04-12 00:48:58', '41', '2019-04-12 00:48:58', '41', '2019-04-11 22:48:58', '5');
INSERT INTO `pages` (`id`, `parent_id`, `templates_id`, `name`, `status`, `modified`, `modified_users_id`, `created`, `created_users_id`, `published`, `sort`) VALUES('1017', '1', '44', 'blog-evolutionspadagogik', '1', '2019-04-12 00:58:02', '41', '2019-04-12 00:57:51', '41', '2019-04-11 22:57:51', '3');
INSERT INTO `pages` (`id`, `parent_id`, `templates_id`, `name`, `status`, `modified`, `modified_users_id`, `created`, `created_users_id`, `published`, `sort`) VALUES('1018', '1', '45', 'kontakt', '1', '2019-04-12 00:58:18', '41', '2019-04-12 00:58:12', '41', '2019-04-11 22:58:12', '4');
INSERT INTO `pages` (`id`, `parent_id`, `templates_id`, `name`, `status`, `modified`, `modified_users_id`, `created`, `created_users_id`, `published`, `sort`) VALUES('1019', '1', '46', 'mail_handler', '1025', '2019-04-15 00:21:00', '41', '2019-04-15 00:20:50', '41', '2019-04-14 22:21:00', '6');
INSERT INTO `pages` (`id`, `parent_id`, `templates_id`, `name`, `status`, `modified`, `modified_users_id`, `created`, `created_users_id`, `published`, `sort`) VALUES('1020', '22', '2', 'db-backups', '1', '2020-05-19 08:45:33', '41', '2020-05-19 08:45:33', '41', '2020-05-19 08:45:33', '4');
INSERT INTO `pages` (`id`, `parent_id`, `templates_id`, `name`, `status`, `modified`, `modified_users_id`, `created`, `created_users_id`, `published`, `sort`) VALUES('1021', '31', '5', 'db-backup', '1', '2020-05-19 08:45:33', '41', '2020-05-19 08:45:33', '41', '2020-05-19 08:45:33', '13');

DROP TABLE IF EXISTS `pages_access`;
CREATE TABLE `pages_access` (
  `pages_id` int(11) NOT NULL,
  `templates_id` int(11) NOT NULL,
  `ts` timestamp NOT NULL DEFAULT CURRENT_TIMESTAMP ON UPDATE CURRENT_TIMESTAMP,
  PRIMARY KEY (`pages_id`),
  KEY `templates_id` (`templates_id`)
) ENGINE=MyISAM DEFAULT CHARSET=utf8;

INSERT INTO `pages_access` (`pages_id`, `templates_id`, `ts`) VALUES('37', '2', '2019-04-07 17:48:08');
INSERT INTO `pages_access` (`pages_id`, `templates_id`, `ts`) VALUES('38', '2', '2019-04-07 17:48:08');
INSERT INTO `pages_access` (`pages_id`, `templates_id`, `ts`) VALUES('32', '2', '2019-04-07 17:48:08');
INSERT INTO `pages_access` (`pages_id`, `templates_id`, `ts`) VALUES('34', '2', '2019-04-07 17:48:08');
INSERT INTO `pages_access` (`pages_id`, `templates_id`, `ts`) VALUES('35', '2', '2019-04-07 17:48:08');
INSERT INTO `pages_access` (`pages_id`, `templates_id`, `ts`) VALUES('36', '2', '2019-04-07 17:48:08');
INSERT INTO `pages_access` (`pages_id`, `templates_id`, `ts`) VALUES('50', '2', '2019-04-07 17:48:08');
INSERT INTO `pages_access` (`pages_id`, `templates_id`, `ts`) VALUES('51', '2', '2019-04-07 17:48:08');
INSERT INTO `pages_access` (`pages_id`, `templates_id`, `ts`) VALUES('52', '2', '2019-04-07 17:48:08');
INSERT INTO `pages_access` (`pages_id`, `templates_id`, `ts`) VALUES('53', '2', '2019-04-07 17:48:08');
INSERT INTO `pages_access` (`pages_id`, `templates_id`, `ts`) VALUES('54', '2', '2019-04-07 17:48:08');
INSERT INTO `pages_access` (`pages_id`, `templates_id`, `ts`) VALUES('1006', '2', '2019-04-07 17:48:08');
INSERT INTO `pages_access` (`pages_id`, `templates_id`, `ts`) VALUES('1011', '2', '2019-04-07 17:49:48');
INSERT INTO `pages_access` (`pages_id`, `templates_id`, `ts`) VALUES('1013', '2', '2019-04-07 17:49:57');
INSERT INTO `pages_access` (`pages_id`, `templates_id`, `ts`) VALUES('1014', '2', '2019-04-07 17:49:57');
INSERT INTO `pages_access` (`pages_id`, `templates_id`, `ts`) VALUES('1016', '1', '2019-04-12 00:48:58');
INSERT INTO `pages_access` (`pages_id`, `templates_id`, `ts`) VALUES('1017', '1', '2019-04-12 00:57:51');
INSERT INTO `pages_access` (`pages_id`, `templates_id`, `ts`) VALUES('1018', '1', '2019-04-12 00:58:12');
INSERT INTO `pages_access` (`pages_id`, `templates_id`, `ts`) VALUES('1019', '1', '2019-04-15 00:20:50');
INSERT INTO `pages_access` (`pages_id`, `templates_id`, `ts`) VALUES('1021', '2', '2020-05-19 08:45:33');

DROP TABLE IF EXISTS `pages_parents`;
CREATE TABLE `pages_parents` (
  `pages_id` int(10) unsigned NOT NULL,
  `parents_id` int(10) unsigned NOT NULL,
  PRIMARY KEY (`pages_id`,`parents_id`)
) ENGINE=MyISAM DEFAULT CHARSET=utf8;

INSERT INTO `pages_parents` (`pages_id`, `parents_id`) VALUES('2', '1');
INSERT INTO `pages_parents` (`pages_id`, `parents_id`) VALUES('3', '1');
INSERT INTO `pages_parents` (`pages_id`, `parents_id`) VALUES('3', '2');
INSERT INTO `pages_parents` (`pages_id`, `parents_id`) VALUES('7', '1');
INSERT INTO `pages_parents` (`pages_id`, `parents_id`) VALUES('22', '1');
INSERT INTO `pages_parents` (`pages_id`, `parents_id`) VALUES('22', '2');
INSERT INTO `pages_parents` (`pages_id`, `parents_id`) VALUES('28', '1');
INSERT INTO `pages_parents` (`pages_id`, `parents_id`) VALUES('28', '2');
INSERT INTO `pages_parents` (`pages_id`, `parents_id`) VALUES('29', '1');
INSERT INTO `pages_parents` (`pages_id`, `parents_id`) VALUES('29', '2');
INSERT INTO `pages_parents` (`pages_id`, `parents_id`) VALUES('29', '28');
INSERT INTO `pages_parents` (`pages_id`, `parents_id`) VALUES('30', '1');
INSERT INTO `pages_parents` (`pages_id`, `parents_id`) VALUES('30', '2');
INSERT INTO `pages_parents` (`pages_id`, `parents_id`) VALUES('30', '28');
INSERT INTO `pages_parents` (`pages_id`, `parents_id`) VALUES('31', '1');
INSERT INTO `pages_parents` (`pages_id`, `parents_id`) VALUES('31', '2');
INSERT INTO `pages_parents` (`pages_id`, `parents_id`) VALUES('31', '28');

DROP TABLE IF EXISTS `pages_sortfields`;
CREATE TABLE `pages_sortfields` (
  `pages_id` int(10) unsigned NOT NULL DEFAULT '0',
  `sortfield` varchar(20) NOT NULL DEFAULT '',
  PRIMARY KEY (`pages_id`)
) ENGINE=MyISAM DEFAULT CHARSET=utf8;


DROP TABLE IF EXISTS `session_login_throttle`;
CREATE TABLE `session_login_throttle` (
  `name` varchar(128) NOT NULL,
  `attempts` int(10) unsigned NOT NULL DEFAULT '0',
  `last_attempt` int(10) unsigned NOT NULL,
  PRIMARY KEY (`name`)
) ENGINE=MyISAM DEFAULT CHARSET=utf8;

INSERT INTO `session_login_throttle` (`name`, `attempts`, `last_attempt`) VALUES('sitadmin', '1', '1589870571');

DROP TABLE IF EXISTS `templates`;
CREATE TABLE `templates` (
  `id` int(10) unsigned NOT NULL AUTO_INCREMENT,
  `name` varchar(250) CHARACTER SET ascii NOT NULL,
  `fieldgroups_id` int(10) unsigned NOT NULL DEFAULT '0',
  `flags` int(11) NOT NULL DEFAULT '0',
  `cache_time` mediumint(9) NOT NULL DEFAULT '0',
  `data` text NOT NULL,
  PRIMARY KEY (`id`),
  UNIQUE KEY `name` (`name`),
  KEY `fieldgroups_id` (`fieldgroups_id`)
) ENGINE=MyISAM AUTO_INCREMENT=47 DEFAULT CHARSET=utf8;

INSERT INTO `templates` (`id`, `name`, `fieldgroups_id`, `flags`, `cache_time`, `data`) VALUES('2', 'admin', '2', '8', '0', '{\"useRoles\":1,\"parentTemplates\":[2],\"allowPageNum\":1,\"redirectLogin\":23,\"slashUrls\":1,\"noGlobal\":1,\"compile\":3,\"modified\":1554651375,\"ns\":\"ProcessWire\"}');
INSERT INTO `templates` (`id`, `name`, `fieldgroups_id`, `flags`, `cache_time`, `data`) VALUES('3', 'user', '3', '8', '0', '{\"useRoles\":1,\"noChildren\":1,\"parentTemplates\":[2],\"slashUrls\":1,\"pageClass\":\"User\",\"noGlobal\":1,\"noMove\":1,\"noTrash\":1,\"noSettings\":1,\"noChangeTemplate\":1,\"nameContentTab\":1}');
INSERT INTO `templates` (`id`, `name`, `fieldgroups_id`, `flags`, `cache_time`, `data`) VALUES('4', 'role', '4', '8', '0', '{\"noChildren\":1,\"parentTemplates\":[2],\"slashUrls\":1,\"pageClass\":\"Role\",\"noGlobal\":1,\"noMove\":1,\"noTrash\":1,\"noSettings\":1,\"noChangeTemplate\":1,\"nameContentTab\":1}');
INSERT INTO `templates` (`id`, `name`, `fieldgroups_id`, `flags`, `cache_time`, `data`) VALUES('5', 'permission', '5', '8', '0', '{\"noChildren\":1,\"parentTemplates\":[2],\"slashUrls\":1,\"guestSearchable\":1,\"pageClass\":\"Permission\",\"noGlobal\":1,\"noMove\":1,\"noTrash\":1,\"noSettings\":1,\"noChangeTemplate\":1,\"nameContentTab\":1}');
INSERT INTO `templates` (`id`, `name`, `fieldgroups_id`, `flags`, `cache_time`, `data`) VALUES('1', 'home', '1', '0', '0', '{\"useRoles\":1,\"noParents\":1,\"slashUrls\":1,\"compile\":3,\"modified\":1555279185,\"ns\":\"\\\\\",\"roles\":[37]}');
INSERT INTO `templates` (`id`, `name`, `fieldgroups_id`, `flags`, `cache_time`, `data`) VALUES('29', 'basic-page', '83', '0', '0', '{\"slashUrls\":1,\"compile\":3,\"modified\":1555017236,\"ns\":\"\\\\\"}');
INSERT INTO `templates` (`id`, `name`, `fieldgroups_id`, `flags`, `cache_time`, `data`) VALUES('43', 'impressum', '97', '0', '0', '{\"slashUrls\":1,\"compile\":3,\"modified\":1555024894,\"ns\":\"\\\\\"}');
INSERT INTO `templates` (`id`, `name`, `fieldgroups_id`, `flags`, `cache_time`, `data`) VALUES('44', 'blog', '98', '0', '0', '{\"slashUrls\":1,\"compile\":3,\"modified\":1555024895,\"ns\":\"\\\\\"}');
INSERT INTO `templates` (`id`, `name`, `fieldgroups_id`, `flags`, `cache_time`, `data`) VALUES('45', 'kontakt', '99', '0', '0', '{\"slashUrls\":1,\"compile\":3,\"modified\":1555282257,\"ns\":\"\\\\\"}');
INSERT INTO `templates` (`id`, `name`, `fieldgroups_id`, `flags`, `cache_time`, `data`) VALUES('46', 'mail_handler', '100', '0', '0', '{\"slashUrls\":1,\"compile\":3,\"modified\":1555281602,\"ns\":\"\\\\\"}');

# --- /WireDatabaseBackup {"numTables":21,"numCreateTables":21,"numInserts":352,"numSeconds":0}